timestamp,project,decision_query,prompt,model_output,think_log
2025-04-19 19:28:45,HealthLingo - App Redesign,Should we release our new accessibility feature quickly to meet the launch deadline or delay it slightly to conduct thorough user testing.,"
You are an expert strategic decision advisor for project managers.
Here is the project context:

Project: HealthLingo - App Redesign

Company Goals:
- Enhance accessibility for users with low literacy
- Increase daily active users by 25%
- Improve health literacy in underserved communities

Recent Issues:
- Drop in engagement after UI overhaul
- User confusion with medical terms
- Low completion rate of health quizzes

Prior Successes:
- Interactive glossary improved user satisfaction
- Adding voice notes improved engagement by 20%

The PM is facing this decision:
""Should we release our new accessibility feature quickly to meet the launch deadline or delay it slightly to conduct thorough user testing.""

Use the following structure to explain your reasoning:

1. **Situation Overview**: Summarize the strategic decision and context.
2. **Strategic Options**: List the available options or paths.
3. **Impact Assessment**: Analyze short-term and long-term impact of each option.
4. **Lessons from Past**: Reflect on past experiences or outcomes that relate.
5. **Recommended Action**: Suggest the most strategic option.
6. **Why This is the Best Option**: Justify your recommendation with alignment to project/business goals.
7. **Confidence Score (1–10)**: Indicate how confident you are and explain any assumptions or uncertainties.
","**Decision: Delay the Release for Thorough User Testing**

**Reasoning:**

1. **Project Context and Goals:**
   - The project aims to enhance accessibility, increase daily active users, and improve health literacy, particularly in underserved communities.
   - Recent issues include dropped engagement post/UI overhaul, user confusion with medical terms, and low quiz completion rates.
   - Past successes include an interactive glossary and voice notes, which were well-received after proper testing.

2. **Options Analysis:**
   - **Option 1 (Quick Release):** Risks user confusion and engagement drop, potentially worsening existing issues.
   - **Option 2 (Delay for Testing):** Ensures a well-implemented feature, aligning with long-term goals despite a possible launch delay.

3. **Past Lessons:**
   - Rushing the UI overhaul led to engagement issues, while tested features like the glossary and voice notes succeeded.

4. **Conclusion:**
   - Delaying the release for thorough testing is recommended to ensure the feature meets accessibility goals and avoids user confusion.

**Confidence Score: 9/10**
- The decision is based on past successes and lessons, with a slight uncertainty regarding the extent of delay and its impact on project timelines.","Okay, so I'm trying to help the project manager decide whether to release the new accessibility feature quickly to meet the launch deadline or delay it slightly for thorough user testing. Let me break this down step by step.

First, I need to understand the project context. The project is HealthLingo - App Redesign, and the company has specific goals: enhance accessibility for low-literacy users, increase daily active users by 25%, and improve health literacy in underserved communities. 

Looking at the recent issues, after a UI overhaul, engagement dropped. Users are confused with medical terms, and the health quizzes have a low completion rate. But there have been some successes too: the interactive glossary improved satisfaction, and adding voice notes boosted engagement by 20%. 

So the PM is at a crossroads: release the accessibility feature quickly or delay for more testing. 

Let me think about the options. Option 1 is releasing quickly to meet the deadline. That would align with the goal of increasing daily active users because getting the feature out there might attract more users. However, if the feature isn't thoroughly tested, it might confuse users, especially those with low literacy, which could worsen engagement and the completion rates of the quizzes. 

Option 2 is delaying the release to conduct thorough user testing. This might ensure that the feature works well and doesn't confuse users, which would support the company goals better in the long run. But delaying might push the launch beyond the deadline, which could affect the company's plans and maybe user expectations.

Looking at past experiences, the interactive glossary and voice notes were successful because they were tested and well-received. Rushing the UI overhaul led to a drop in engagement, so that's a lesson that rushing can backfire.

So, considering all this, I think delaying slightly for proper testing is better. It aligns more with the company's goals of enhancing accessibility and improving health literacy because a well-tested feature would likely perform better and not confuse users. Even though it delays the launch, the long-term benefits seem to outweigh the short-term gain of meeting the deadline.

I'm pretty confident in this recommendation because the past shows that rushed features can cause issues, and the successes came from well-implemented changes. The only uncertainty is how much delay is needed and whether it might affect other project timelines, but overall, the benefits seem worth the slight delay."
2025-05-07 17:10:45,"one usage, our app redesign project focuses on improving accessibility and engagement.

## Project Goals
- Enhance accessibility for users with low literacy
- Increase daily active users by 25%
- Impr",Should we release our new accessibility feature quickly to meet the launch deadline or delay it slightly to conduct thorough user testing.,"
You are an expert strategic decision advisor for project managers.
Here is the project context:

Project: one usage, our app redesign project focuses on improving accessibility and engagement.

## Project Goals
- Enhance accessibility for users with low literacy
- Increase daily active users by 25%
- Impr

Company Goals:
- one usage, our app redesign project focuses on improving accessibility and engagement.

## Project Goals
- Enhance accessibility for users with low literacy
- Increase daily active users by 25%
- Impr
- Project Team for HealthLingo App Redesign:
- Designers: 2
- Developers: 3
- Researchers: 1
Project Deadline: 6 weeks from start
- Analytics Summary - Last Quarter

Post-UI overhaul:
- Drop in user engagement by 15%
- Increased confusion reported in user surveys around medical terms
- Quiz completion rate dropped to 42%
- ove health literacy in underserved communities

## Timeline
The redesign project will run for a total of 6 weeks.
- ## Summary of User Feedback - Recent Surveys

Several users mentioned difficulty understanding medical terms after the UI update. Many users abandoned health quizzes halfway, citing confusion. Feature
- one usage, our app redesign project focuses on improving accessibility and engagement.

## Project Goals
- Enhance accessibility for users with low literacy
- Increase daily active users by 25%
- Impr
- Analytics Summary - Last Quarter

Post-UI overhaul:
- Drop in user engagement by 15%
- Increased confusion reported in user surveys around medical terms
- Quiz completion rate dropped to 42%
- ## Summary of User Feedback - Recent Surveys

Several users mentioned difficulty understanding medical terms after the UI update. Many users abandoned health quizzes halfway, citing confusion. Feature
- Project Team for HealthLingo App Redesign:
- Designers: 2
- Developers: 3
- Researchers: 1
Project Deadline: 6 weeks from start
- ove health literacy in underserved communities

## Timeline
The redesign project will run for a total of 6 weeks.
- one usage, our app redesign project focuses on improving accessibility and engagement.

## Project Goals
- Enhance accessibility for users with low literacy
- Increase daily active users by 25%
- Impr
- Project Team for HealthLingo App Redesign:
- Designers: 2
- Developers: 3
- Researchers: 1
Project Deadline: 6 weeks from start
- Analytics Summary - Last Quarter

Post-UI overhaul:
- Drop in user engagement by 15%
- Increased confusion reported in user surveys around medical terms
- Quiz completion rate dropped to 42%
- ove health literacy in underserved communities

## Timeline
The redesign project will run for a total of 6 weeks.
- ## Summary of User Feedback - Recent Surveys

Several users mentioned difficulty understanding medical terms after the UI update. Many users abandoned health quizzes halfway, citing confusion. Feature
- one usage, our app redesign project focuses on improving accessibility and engagement.

## Project Goals
- Enhance accessibility for users with low literacy
- Increase daily active users by 25%
- Impr
- Analytics Summary - Last Quarter

Post-UI overhaul:
- Drop in user engagement by 15%
- Increased confusion reported in user surveys around medical terms
- Quiz completion rate dropped to 42%
- ove health literacy in underserved communities

## Timeline
The redesign project will run for a total of 6 weeks.
- Project Team for HealthLingo App Redesign:
- Designers: 2
- Developers: 3
- Researchers: 1
Project Deadline: 6 weeks from start
- # Project Overview: HealthLingo - App Redesign

## Background
HealthLingo aims to provide accessible and easy-to-understand healthcare information for underserved communities. With the rise of smartph
- one usage, our app redesign project focuses on improving accessibility and engagement.

## Project Goals
- Enhance accessibility for users with low literacy
- Increase daily active users by 25%
- Impr
- Project Team for HealthLingo App Redesign:
- Designers: 2
- Developers: 3
- Researchers: 1
Project Deadline: 6 weeks from start
- ## Summary of User Feedback - Recent Surveys

Several users mentioned difficulty understanding medical terms after the UI update. Many users abandoned health quizzes halfway, citing confusion. Feature
- Analytics Summary - Last Quarter

Post-UI overhaul:
- Drop in user engagement by 15%
- Increased confusion reported in user surveys around medical terms
- Quiz completion rate dropped to 42%
- # Project Overview: HealthLingo - App Redesign

## Background
HealthLingo aims to provide accessible and easy-to-understand healthcare information for underserved communities. With the rise of smartph

Recent Issues:
- Analytics Summary - Last Quarter

Post-UI overhaul:
- Drop in user engagement by 15%
- Increased confusion reported in user surveys around medical terms
- Quiz completion rate dropped to 42%
- ## Summary of User Feedback - Recent Surveys

Several users mentioned difficulty understanding medical terms after the UI update. Many users abandoned health quizzes halfway, citing confusion. Feature
- one usage, our app redesign project focuses on improving accessibility and engagement.

## Project Goals
- Enhance accessibility for users with low literacy
- Increase daily active users by 25%
- Impr
- # Project Overview: HealthLingo - App Redesign

## Background
HealthLingo aims to provide accessible and easy-to-understand healthcare information for underserved communities. With the rise of smartph
- ove health literacy in underserved communities

## Timeline
The redesign project will run for a total of 6 weeks.
- one usage, our app redesign project focuses on improving accessibility and engagement.

## Project Goals
- Enhance accessibility for users with low literacy
- Increase daily active users by 25%
- Impr
- ## Summary of User Feedback - Recent Surveys

Several users mentioned difficulty understanding medical terms after the UI update. Many users abandoned health quizzes halfway, citing confusion. Feature
- Analytics Summary - Last Quarter

Post-UI overhaul:
- Drop in user engagement by 15%
- Increased confusion reported in user surveys around medical terms
- Quiz completion rate dropped to 42%
- ove health literacy in underserved communities

## Timeline
The redesign project will run for a total of 6 weeks.
- # Project Overview: HealthLingo - App Redesign

## Background
HealthLingo aims to provide accessible and easy-to-understand healthcare information for underserved communities. With the rise of smartph
- ## Summary of User Feedback - Recent Surveys

Several users mentioned difficulty understanding medical terms after the UI update. Many users abandoned health quizzes halfway, citing confusion. Feature
- Analytics Summary - Last Quarter

Post-UI overhaul:
- Drop in user engagement by 15%
- Increased confusion reported in user surveys around medical terms
- Quiz completion rate dropped to 42%
- Project Team for HealthLingo App Redesign:
- Designers: 2
- Developers: 3
- Researchers: 1
Project Deadline: 6 weeks from start
- one usage, our app redesign project focuses on improving accessibility and engagement.

## Project Goals
- Enhance accessibility for users with low literacy
- Increase daily active users by 25%
- Impr
- ove health literacy in underserved communities

## Timeline
The redesign project will run for a total of 6 weeks.
- one usage, our app redesign project focuses on improving accessibility and engagement.

## Project Goals
- Enhance accessibility for users with low literacy
- Increase daily active users by 25%
- Impr
- ## Summary of User Feedback - Recent Surveys

Several users mentioned difficulty understanding medical terms after the UI update. Many users abandoned health quizzes halfway, citing confusion. Feature
- Analytics Summary - Last Quarter

Post-UI overhaul:
- Drop in user engagement by 15%
- Increased confusion reported in user surveys around medical terms
- Quiz completion rate dropped to 42%
- # Project Overview: HealthLingo - App Redesign

## Background
HealthLingo aims to provide accessible and easy-to-understand healthcare information for underserved communities. With the rise of smartph
- Project Team for HealthLingo App Redesign:
- Designers: 2
- Developers: 3
- Researchers: 1
Project Deadline: 6 weeks from start
- one usage, our app redesign project focuses on improving accessibility and engagement.

## Project Goals
- Enhance accessibility for users with low literacy
- Increase daily active users by 25%
- Impr
- ## Summary of User Feedback - Recent Surveys

Several users mentioned difficulty understanding medical terms after the UI update. Many users abandoned health quizzes halfway, citing confusion. Feature
- Analytics Summary - Last Quarter

Post-UI overhaul:
- Drop in user engagement by 15%
- Increased confusion reported in user surveys around medical terms
- Quiz completion rate dropped to 42%
- ove health literacy in underserved communities

## Timeline
The redesign project will run for a total of 6 weeks.
- Project Team for HealthLingo App Redesign:
- Designers: 2
- Developers: 3
- Researchers: 1
Project Deadline: 6 weeks from start

Prior Successes:
- Analytics Summary - Last Quarter

Post-UI overhaul:
- Drop in user engagement by 15%
- Increased confusion reported in user surveys around medical terms
- Quiz completion rate dropped to 42%
- ## Summary of User Feedback - Recent Surveys

Several users mentioned difficulty understanding medical terms after the UI update. Many users abandoned health quizzes halfway, citing confusion. Feature
- one usage, our app redesign project focuses on improving accessibility and engagement.

## Project Goals
- Enhance accessibility for users with low literacy
- Increase daily active users by 25%
- Impr
- ove health literacy in underserved communities

## Timeline
The redesign project will run for a total of 6 weeks.
- # Project Overview: HealthLingo - App Redesign

## Background
HealthLingo aims to provide accessible and easy-to-understand healthcare information for underserved communities. With the rise of smartph
- Analytics Summary - Last Quarter

Post-UI overhaul:
- Drop in user engagement by 15%
- Increased confusion reported in user surveys around medical terms
- Quiz completion rate dropped to 42%
- ## Summary of User Feedback - Recent Surveys

Several users mentioned difficulty understanding medical terms after the UI update. Many users abandoned health quizzes halfway, citing confusion. Feature
- ove health literacy in underserved communities

## Timeline
The redesign project will run for a total of 6 weeks.
- # Project Overview: HealthLingo - App Redesign

## Background
HealthLingo aims to provide accessible and easy-to-understand healthcare information for underserved communities. With the rise of smartph
- one usage, our app redesign project focuses on improving accessibility and engagement.

## Project Goals
- Enhance accessibility for users with low literacy
- Increase daily active users by 25%
- Impr
- Analytics Summary - Last Quarter

Post-UI overhaul:
- Drop in user engagement by 15%
- Increased confusion reported in user surveys around medical terms
- Quiz completion rate dropped to 42%
- one usage, our app redesign project focuses on improving accessibility and engagement.

## Project Goals
- Enhance accessibility for users with low literacy
- Increase daily active users by 25%
- Impr
- ## Summary of User Feedback - Recent Surveys

Several users mentioned difficulty understanding medical terms after the UI update. Many users abandoned health quizzes halfway, citing confusion. Feature
- ove health literacy in underserved communities

## Timeline
The redesign project will run for a total of 6 weeks.
- # Project Overview: HealthLingo - App Redesign

## Background
HealthLingo aims to provide accessible and easy-to-understand healthcare information for underserved communities. With the rise of smartph
- one usage, our app redesign project focuses on improving accessibility and engagement.

## Project Goals
- Enhance accessibility for users with low literacy
- Increase daily active users by 25%
- Impr
- Analytics Summary - Last Quarter

Post-UI overhaul:
- Drop in user engagement by 15%
- Increased confusion reported in user surveys around medical terms
- Quiz completion rate dropped to 42%
- Project Team for HealthLingo App Redesign:
- Designers: 2
- Developers: 3
- Researchers: 1
Project Deadline: 6 weeks from start
- ## Summary of User Feedback - Recent Surveys

Several users mentioned difficulty understanding medical terms after the UI update. Many users abandoned health quizzes halfway, citing confusion. Feature
- ove health literacy in underserved communities

## Timeline
The redesign project will run for a total of 6 weeks.
- Analytics Summary - Last Quarter

Post-UI overhaul:
- Drop in user engagement by 15%
- Increased confusion reported in user surveys around medical terms
- Quiz completion rate dropped to 42%
- ## Summary of User Feedback - Recent Surveys

Several users mentioned difficulty understanding medical terms after the UI update. Many users abandoned health quizzes halfway, citing confusion. Feature
- one usage, our app redesign project focuses on improving accessibility and engagement.

## Project Goals
- Enhance accessibility for users with low literacy
- Increase daily active users by 25%
- Impr
- ove health literacy in underserved communities

## Timeline
The redesign project will run for a total of 6 weeks.
- # Project Overview: HealthLingo - App Redesign

## Background
HealthLingo aims to provide accessible and easy-to-understand healthcare information for underserved communities. With the rise of smartph

The PM is facing this decision:
""Should we release our new accessibility feature quickly to meet the launch deadline or delay it slightly to conduct thorough user testing.""

Use the following structure to explain your reasoning:

1. **Situation Overview**: Summarize the strategic decision and context.
2. **Strategic Options**: List the available options or paths.
3. **Impact Assessment**: Analyze short-term and long-term impact of each option.
4. **Lessons from Past**: Reflect on past experiences or outcomes that relate.
5. **Recommended Action**: Suggest the most strategic option.
6. **Why This is the Best Option**: Justify your recommendation with alignment to project/business goals.
7. **Confidence Score (1–10)**: Indicate how confident you are and explain any assumptions or uncertainties.
","**Decision Recommendation: Delay Slightly for Thorough User Testing**

**1. Situation Overview:**
The HealthLingo app redesign aims to enhance accessibility and engagement, with a tight six-week deadline. Post previous UI changes, user engagement and quiz completion rates dropped, indicating the need for careful testing.

**2. Strategic Options:**
- **Option 1:** Release quickly to meet the deadline.
- **Option 2:** Delay slightly for thorough user testing.

**3. Impact Assessment:**
- **Option 1:** Risks replicating past issues with confusion and lower engagement, potentially harming project goals.
- **Option 2:** Ensures a better product, aligning with long-term goals of accessibility and engagement, despite a short delay.

**4. Lessons from Past:**
The previous UI overhaul without adequate testing led to negative outcomes, highlighting the importance of thorough testing.

**5. Recommended Action:**
Delay slightly to conduct thorough user testing to ensure the feature meets accessibility and engagement goals.

**6. Justification:**
This approach aligns with project goals, prioritizing long-term success over short-term deadlines, and learns from past mistakes.

**7. Confidence Score: 9/10**
High confidence due to alignment with project goals and lessons from past experiences. Assumes a manageable delay with stakeholder agreement.","Okay, so I'm trying to figure out whether the project manager should release the new accessibility feature quickly to meet the launch deadline or delay it a bit to do thorough user testing. Let me break this down.

First, the project is about redesigning the HealthLingo app to improve accessibility and engagement. The main goals are to enhance accessibility for users with low literacy and increase daily active users by 25%. From the analytics, after a previous UI overhaul, user engagement dropped by 15%, and there was more confusion about medical terms, with the quiz completion rate falling to 42%. Users are having trouble understanding the medical terms, which is causing them to abandon the quizzes halfway.

So, the PM is faced with a decision: meet the deadline or delay for testing. Let's consider the options.

Option 1: Release the feature quickly to meet the deadline. This would ensure the project stays on schedule, which is important because the deadline is tight—only six weeks. Meeting deadlines can maintain stakeholder confidence and possibly avoid any penalties or negative perceptions. However, rushing might mean the feature isn't fully tested, which could lead to issues similar to the last UI update where engagement dropped and users were confused.

Option 2: Delay slightly to conduct thorough user testing. This would allow the team to identify and fix any issues before launch, ensuring the feature works well and is accessible. But delaying could push the project beyond the six-week deadline, which might disappoint stakeholders and possibly affect the project's momentum.

Now, looking at the impact. If they release quickly without proper testing, they might end up with the same problems as before—confused users, lower engagement, and a drop in quiz completions. This would undermine the project's goals, especially enhancing accessibility and increasing user engagement. On the other hand, taking a bit more time to test could lead to a better product that meets user needs, improving both accessibility and engagement in the long run, even if it means a slight delay.

The past experience shows that rushing a UI overhaul without proper testing led to negative outcomes. So, it's better to learn from that and ensure this time, the feature is thoroughly tested before release.

I think the best option is to delay slightly for thorough testing. It aligns more with the project's goals, even if it means a short delay. The long-term benefits of a well-functioning, accessible feature outweigh the short-term pressure of meeting the deadline.

I'm pretty confident in this recommendation because the previous outcome clearly shows the risks of rushing. However, I'm assuming that the delay wouldn't be too long and that stakeholders can be informed and agree to a short extension. If the delay is manageable and doesn't significantly impact the overall project, it's a good trade-off."
2025-05-07 17:44:25,HelathLingo,Should we release our new accessibility feature quickly to meet the launch deadline or delay it slightly to conduct thorough user testing.,"
You are an expert strategic decision advisor for project managers.
Here is the project context:

Project: HelathLingo

Company Goals:
- one usage, our app redesign project focuses on improving accessibility and engagement.

## Project Goals
- Enhance accessibility for users with low literacy
- Increase daily active users by 25%
- Impr
- Project Team for HealthLingo App Redesign:
- Designers: 2
- Developers: 3
- Researchers: 1
Project Deadline: 6 weeks from start
- Analytics Summary - Last Quarter

Post-UI overhaul:
- Drop in user engagement by 15%
- Increased confusion reported in user surveys around medical terms
- Quiz completion rate dropped to 42%
- ove health literacy in underserved communities

## Timeline
The redesign project will run for a total of 6 weeks.
- ## Summary of User Feedback - Recent Surveys

Several users mentioned difficulty understanding medical terms after the UI update. Many users abandoned health quizzes halfway, citing confusion. Feature
- one usage, our app redesign project focuses on improving accessibility and engagement.

## Project Goals
- Enhance accessibility for users with low literacy
- Increase daily active users by 25%
- Impr
- Analytics Summary - Last Quarter

Post-UI overhaul:
- Drop in user engagement by 15%
- Increased confusion reported in user surveys around medical terms
- Quiz completion rate dropped to 42%
- ## Summary of User Feedback - Recent Surveys

Several users mentioned difficulty understanding medical terms after the UI update. Many users abandoned health quizzes halfway, citing confusion. Feature
- Project Team for HealthLingo App Redesign:
- Designers: 2
- Developers: 3
- Researchers: 1
Project Deadline: 6 weeks from start
- ove health literacy in underserved communities

## Timeline
The redesign project will run for a total of 6 weeks.
- one usage, our app redesign project focuses on improving accessibility and engagement.

## Project Goals
- Enhance accessibility for users with low literacy
- Increase daily active users by 25%
- Impr
- Project Team for HealthLingo App Redesign:
- Designers: 2
- Developers: 3
- Researchers: 1
Project Deadline: 6 weeks from start
- Analytics Summary - Last Quarter

Post-UI overhaul:
- Drop in user engagement by 15%
- Increased confusion reported in user surveys around medical terms
- Quiz completion rate dropped to 42%
- ove health literacy in underserved communities

## Timeline
The redesign project will run for a total of 6 weeks.
- ## Summary of User Feedback - Recent Surveys

Several users mentioned difficulty understanding medical terms after the UI update. Many users abandoned health quizzes halfway, citing confusion. Feature
- one usage, our app redesign project focuses on improving accessibility and engagement.

## Project Goals
- Enhance accessibility for users with low literacy
- Increase daily active users by 25%
- Impr
- Analytics Summary - Last Quarter

Post-UI overhaul:
- Drop in user engagement by 15%
- Increased confusion reported in user surveys around medical terms
- Quiz completion rate dropped to 42%
- ove health literacy in underserved communities

## Timeline
The redesign project will run for a total of 6 weeks.
- Project Team for HealthLingo App Redesign:
- Designers: 2
- Developers: 3
- Researchers: 1
Project Deadline: 6 weeks from start
- # Project Overview: HealthLingo - App Redesign

## Background
HealthLingo aims to provide accessible and easy-to-understand healthcare information for underserved communities. With the rise of smartph
- one usage, our app redesign project focuses on improving accessibility and engagement.

## Project Goals
- Enhance accessibility for users with low literacy
- Increase daily active users by 25%
- Impr
- Project Team for HealthLingo App Redesign:
- Designers: 2
- Developers: 3
- Researchers: 1
Project Deadline: 6 weeks from start
- ## Summary of User Feedback - Recent Surveys

Several users mentioned difficulty understanding medical terms after the UI update. Many users abandoned health quizzes halfway, citing confusion. Feature
- Analytics Summary - Last Quarter

Post-UI overhaul:
- Drop in user engagement by 15%
- Increased confusion reported in user surveys around medical terms
- Quiz completion rate dropped to 42%
- # Project Overview: HealthLingo - App Redesign

## Background
HealthLingo aims to provide accessible and easy-to-understand healthcare information for underserved communities. With the rise of smartph

Recent Issues:
- Analytics Summary - Last Quarter

Post-UI overhaul:
- Drop in user engagement by 15%
- Increased confusion reported in user surveys around medical terms
- Quiz completion rate dropped to 42%
- ## Summary of User Feedback - Recent Surveys

Several users mentioned difficulty understanding medical terms after the UI update. Many users abandoned health quizzes halfway, citing confusion. Feature
- one usage, our app redesign project focuses on improving accessibility and engagement.

## Project Goals
- Enhance accessibility for users with low literacy
- Increase daily active users by 25%
- Impr
- # Project Overview: HealthLingo - App Redesign

## Background
HealthLingo aims to provide accessible and easy-to-understand healthcare information for underserved communities. With the rise of smartph
- ove health literacy in underserved communities

## Timeline
The redesign project will run for a total of 6 weeks.
- one usage, our app redesign project focuses on improving accessibility and engagement.

## Project Goals
- Enhance accessibility for users with low literacy
- Increase daily active users by 25%
- Impr
- ## Summary of User Feedback - Recent Surveys

Several users mentioned difficulty understanding medical terms after the UI update. Many users abandoned health quizzes halfway, citing confusion. Feature
- Analytics Summary - Last Quarter

Post-UI overhaul:
- Drop in user engagement by 15%
- Increased confusion reported in user surveys around medical terms
- Quiz completion rate dropped to 42%
- ove health literacy in underserved communities

## Timeline
The redesign project will run for a total of 6 weeks.
- # Project Overview: HealthLingo - App Redesign

## Background
HealthLingo aims to provide accessible and easy-to-understand healthcare information for underserved communities. With the rise of smartph
- ## Summary of User Feedback - Recent Surveys

Several users mentioned difficulty understanding medical terms after the UI update. Many users abandoned health quizzes halfway, citing confusion. Feature
- Analytics Summary - Last Quarter

Post-UI overhaul:
- Drop in user engagement by 15%
- Increased confusion reported in user surveys around medical terms
- Quiz completion rate dropped to 42%
- Project Team for HealthLingo App Redesign:
- Designers: 2
- Developers: 3
- Researchers: 1
Project Deadline: 6 weeks from start
- one usage, our app redesign project focuses on improving accessibility and engagement.

## Project Goals
- Enhance accessibility for users with low literacy
- Increase daily active users by 25%
- Impr
- ove health literacy in underserved communities

## Timeline
The redesign project will run for a total of 6 weeks.
- one usage, our app redesign project focuses on improving accessibility and engagement.

## Project Goals
- Enhance accessibility for users with low literacy
- Increase daily active users by 25%
- Impr
- ## Summary of User Feedback - Recent Surveys

Several users mentioned difficulty understanding medical terms after the UI update. Many users abandoned health quizzes halfway, citing confusion. Feature
- Analytics Summary - Last Quarter

Post-UI overhaul:
- Drop in user engagement by 15%
- Increased confusion reported in user surveys around medical terms
- Quiz completion rate dropped to 42%
- # Project Overview: HealthLingo - App Redesign

## Background
HealthLingo aims to provide accessible and easy-to-understand healthcare information for underserved communities. With the rise of smartph
- Project Team for HealthLingo App Redesign:
- Designers: 2
- Developers: 3
- Researchers: 1
Project Deadline: 6 weeks from start
- one usage, our app redesign project focuses on improving accessibility and engagement.

## Project Goals
- Enhance accessibility for users with low literacy
- Increase daily active users by 25%
- Impr
- ## Summary of User Feedback - Recent Surveys

Several users mentioned difficulty understanding medical terms after the UI update. Many users abandoned health quizzes halfway, citing confusion. Feature
- Analytics Summary - Last Quarter

Post-UI overhaul:
- Drop in user engagement by 15%
- Increased confusion reported in user surveys around medical terms
- Quiz completion rate dropped to 42%
- ove health literacy in underserved communities

## Timeline
The redesign project will run for a total of 6 weeks.
- Project Team for HealthLingo App Redesign:
- Designers: 2
- Developers: 3
- Researchers: 1
Project Deadline: 6 weeks from start

Prior Successes:
- Analytics Summary - Last Quarter

Post-UI overhaul:
- Drop in user engagement by 15%
- Increased confusion reported in user surveys around medical terms
- Quiz completion rate dropped to 42%
- ## Summary of User Feedback - Recent Surveys

Several users mentioned difficulty understanding medical terms after the UI update. Many users abandoned health quizzes halfway, citing confusion. Feature
- one usage, our app redesign project focuses on improving accessibility and engagement.

## Project Goals
- Enhance accessibility for users with low literacy
- Increase daily active users by 25%
- Impr
- ove health literacy in underserved communities

## Timeline
The redesign project will run for a total of 6 weeks.
- # Project Overview: HealthLingo - App Redesign

## Background
HealthLingo aims to provide accessible and easy-to-understand healthcare information for underserved communities. With the rise of smartph
- Analytics Summary - Last Quarter

Post-UI overhaul:
- Drop in user engagement by 15%
- Increased confusion reported in user surveys around medical terms
- Quiz completion rate dropped to 42%
- ## Summary of User Feedback - Recent Surveys

Several users mentioned difficulty understanding medical terms after the UI update. Many users abandoned health quizzes halfway, citing confusion. Feature
- ove health literacy in underserved communities

## Timeline
The redesign project will run for a total of 6 weeks.
- # Project Overview: HealthLingo - App Redesign

## Background
HealthLingo aims to provide accessible and easy-to-understand healthcare information for underserved communities. With the rise of smartph
- one usage, our app redesign project focuses on improving accessibility and engagement.

## Project Goals
- Enhance accessibility for users with low literacy
- Increase daily active users by 25%
- Impr
- Analytics Summary - Last Quarter

Post-UI overhaul:
- Drop in user engagement by 15%
- Increased confusion reported in user surveys around medical terms
- Quiz completion rate dropped to 42%
- one usage, our app redesign project focuses on improving accessibility and engagement.

## Project Goals
- Enhance accessibility for users with low literacy
- Increase daily active users by 25%
- Impr
- ## Summary of User Feedback - Recent Surveys

Several users mentioned difficulty understanding medical terms after the UI update. Many users abandoned health quizzes halfway, citing confusion. Feature
- ove health literacy in underserved communities

## Timeline
The redesign project will run for a total of 6 weeks.
- # Project Overview: HealthLingo - App Redesign

## Background
HealthLingo aims to provide accessible and easy-to-understand healthcare information for underserved communities. With the rise of smartph
- one usage, our app redesign project focuses on improving accessibility and engagement.

## Project Goals
- Enhance accessibility for users with low literacy
- Increase daily active users by 25%
- Impr
- Analytics Summary - Last Quarter

Post-UI overhaul:
- Drop in user engagement by 15%
- Increased confusion reported in user surveys around medical terms
- Quiz completion rate dropped to 42%
- Project Team for HealthLingo App Redesign:
- Designers: 2
- Developers: 3
- Researchers: 1
Project Deadline: 6 weeks from start
- ## Summary of User Feedback - Recent Surveys

Several users mentioned difficulty understanding medical terms after the UI update. Many users abandoned health quizzes halfway, citing confusion. Feature
- ove health literacy in underserved communities

## Timeline
The redesign project will run for a total of 6 weeks.
- Analytics Summary - Last Quarter

Post-UI overhaul:
- Drop in user engagement by 15%
- Increased confusion reported in user surveys around medical terms
- Quiz completion rate dropped to 42%
- ## Summary of User Feedback - Recent Surveys

Several users mentioned difficulty understanding medical terms after the UI update. Many users abandoned health quizzes halfway, citing confusion. Feature
- one usage, our app redesign project focuses on improving accessibility and engagement.

## Project Goals
- Enhance accessibility for users with low literacy
- Increase daily active users by 25%
- Impr
- ove health literacy in underserved communities

## Timeline
The redesign project will run for a total of 6 weeks.
- # Project Overview: HealthLingo - App Redesign

## Background
HealthLingo aims to provide accessible and easy-to-understand healthcare information for underserved communities. With the rise of smartph

The PM is facing this decision:
""Should we release our new accessibility feature quickly to meet the launch deadline or delay it slightly to conduct thorough user testing.""

Use the following structure to explain your reasoning:

1. **Situation Overview**: Summarize the strategic decision and context.
2. **Strategic Options**: List the available options or paths.
3. **Impact Assessment**: Analyze short-term and long-term impact of each option.
4. **Lessons from Past**: Reflect on past experiences or outcomes that relate.
5. **Recommended Action**: Suggest the most strategic option.
6. **Why This is the Best Option**: Justify your recommendation with alignment to project/business goals.
7. **Confidence Score (1–10)**: Indicate how confident you are and explain any assumptions or uncertainties.
","**Strategic Decision: HealthLingo App Redesign**

**Situation Overview:**
The HealthLingo app aims to enhance accessibility for users with low literacy and increase daily active users by 25%. Post-redesign, engagement dropped by 15%, with users confused by medical terms and a low quiz completion rate of 42%. The PM must decide whether to release the new accessibility feature quickly to meet the 6-week deadline or delay for thorough user testing.

**Strategic Options:**
1. **Release Quickly:** Meet the deadline but with potential quality compromises.
2. **Delay for Testing:** Ensure a better product but risk missing the deadline.

**Impact Assessment:**
- **Release Quickly:** Short-term gain of on-time release, but potential long-term issues with user engagement and satisfaction.
- **Delay for Testing:** Short-term inconvenience of missing the deadline, but likely better long-term outcomes with higher user satisfaction and engagement.

**Lessons from Past:**
The previous UI overhaul without adequate testing led to decreased engagement and increased confusion, highlighting the importance of thorough testing.

**Recommended Action:**
Delay the release slightly to conduct thorough user testing.

**Why This is the Best Option:**
This approach aligns with the project goals of improving accessibility and engagement. Ensuring the feature works well will likely lead to higher user satisfaction and retention, crucial for meeting the target of increasing daily active users by 25%.

**Confidence Score: 8/10**
Confidence is high due to the lessons learned from past mistakes. However, there is some uncertainty regarding the extent of the delay and potential impacts on timeline and budget.","Alright, let me try to work through this decision. So, the PM is deciding whether to release the new accessibility feature quickly to meet the deadline or delay it a bit for more user testing. 

First, I need to understand the context. The HealthLingo app redesign aims to improve accessibility and engagement, especially for users with low literacy. After a previous UI overhaul, there was a drop in engagement and increased confusion, particularly with medical terms. The quiz completion rate also dropped, which is a key metric for user engagement.

The project has a tight deadline of 6 weeks, and the team includes 2 designers, 3 developers, and 1 researcher. The goal is to enhance accessibility and increase daily active users by 25%. 

Now, the decision is whether to prioritize meeting the deadline or ensuring thorough testing. If they release quickly, they might hit the deadline but risk having a feature that doesn't work well, which could lead to more user confusion and further drop in engagement. On the other hand, delaying for testing might miss the deadline but could lead to a better product that actually improves accessibility and engagement as intended.

Looking at past experiences, the previous UI overhaul without proper testing led to negative outcomes. That suggests that rushing might not be the best approach. It's important to learn from that mistake.

The impact of releasing quickly could have short-term gains of meeting the deadline but long-term issues with user satisfaction and engagement. Delaying might cause a short-term miss of the deadline but could lead to better long-term outcomes with higher user satisfaction and engagement.

Considering all this, the recommendation would be to delay slightly for thorough testing. It aligns more with the project's goals to enhance accessibility and increase engagement. Even though it's a tough call because of the deadline, the long-term benefits likely outweigh the short-term pressure.

I'm fairly confident in this recommendation because the past outcome shows that rushing can backfire. However, there's some uncertainty about how much delay is needed and whether it will significantly impact the project timeline or budget."
2025-05-07 17:55:12,HealthLingo,Should we release our new accessibility feature quickly to meet the launch deadline or delay it slightly to conduct thorough user testing.,"
You are an expert strategic decision advisor for project managers.
Here is the project context:

Project: HealthLingo

Company Goals:
- one usage, our app redesign project focuses on improving accessibility and engagement.

## Project Goals
- Enhance accessibility for users with low literacy
- Increase daily active users by 25%
- Impr
- Project Team for HealthLingo App Redesign:
- Designers: 2
- Developers: 3
- Researchers: 1
Project Deadline: 6 weeks from start
- Analytics Summary - Last Quarter

Post-UI overhaul:
- Drop in user engagement by 15%
- Increased confusion reported in user surveys around medical terms
- Quiz completion rate dropped to 42%
- ove health literacy in underserved communities

## Timeline
The redesign project will run for a total of 6 weeks.
- ## Summary of User Feedback - Recent Surveys

Several users mentioned difficulty understanding medical terms after the UI update. Many users abandoned health quizzes halfway, citing confusion. Feature
- one usage, our app redesign project focuses on improving accessibility and engagement.

## Project Goals
- Enhance accessibility for users with low literacy
- Increase daily active users by 25%
- Impr
- Analytics Summary - Last Quarter

Post-UI overhaul:
- Drop in user engagement by 15%
- Increased confusion reported in user surveys around medical terms
- Quiz completion rate dropped to 42%
- ## Summary of User Feedback - Recent Surveys

Several users mentioned difficulty understanding medical terms after the UI update. Many users abandoned health quizzes halfway, citing confusion. Feature
- Project Team for HealthLingo App Redesign:
- Designers: 2
- Developers: 3
- Researchers: 1
Project Deadline: 6 weeks from start
- ove health literacy in underserved communities

## Timeline
The redesign project will run for a total of 6 weeks.
- one usage, our app redesign project focuses on improving accessibility and engagement.

## Project Goals
- Enhance accessibility for users with low literacy
- Increase daily active users by 25%
- Impr
- Project Team for HealthLingo App Redesign:
- Designers: 2
- Developers: 3
- Researchers: 1
Project Deadline: 6 weeks from start
- Analytics Summary - Last Quarter

Post-UI overhaul:
- Drop in user engagement by 15%
- Increased confusion reported in user surveys around medical terms
- Quiz completion rate dropped to 42%
- ove health literacy in underserved communities

## Timeline
The redesign project will run for a total of 6 weeks.
- ## Summary of User Feedback - Recent Surveys

Several users mentioned difficulty understanding medical terms after the UI update. Many users abandoned health quizzes halfway, citing confusion. Feature
- one usage, our app redesign project focuses on improving accessibility and engagement.

## Project Goals
- Enhance accessibility for users with low literacy
- Increase daily active users by 25%
- Impr
- Analytics Summary - Last Quarter

Post-UI overhaul:
- Drop in user engagement by 15%
- Increased confusion reported in user surveys around medical terms
- Quiz completion rate dropped to 42%
- ove health literacy in underserved communities

## Timeline
The redesign project will run for a total of 6 weeks.
- Project Team for HealthLingo App Redesign:
- Designers: 2
- Developers: 3
- Researchers: 1
Project Deadline: 6 weeks from start
- # Project Overview: HealthLingo - App Redesign

## Background
HealthLingo aims to provide accessible and easy-to-understand healthcare information for underserved communities. With the rise of smartph
- one usage, our app redesign project focuses on improving accessibility and engagement.

## Project Goals
- Enhance accessibility for users with low literacy
- Increase daily active users by 25%
- Impr
- Project Team for HealthLingo App Redesign:
- Designers: 2
- Developers: 3
- Researchers: 1
Project Deadline: 6 weeks from start
- ## Summary of User Feedback - Recent Surveys

Several users mentioned difficulty understanding medical terms after the UI update. Many users abandoned health quizzes halfway, citing confusion. Feature
- Analytics Summary - Last Quarter

Post-UI overhaul:
- Drop in user engagement by 15%
- Increased confusion reported in user surveys around medical terms
- Quiz completion rate dropped to 42%
- # Project Overview: HealthLingo - App Redesign

## Background
HealthLingo aims to provide accessible and easy-to-understand healthcare information for underserved communities. With the rise of smartph

Recent Issues:
- Analytics Summary - Last Quarter

Post-UI overhaul:
- Drop in user engagement by 15%
- Increased confusion reported in user surveys around medical terms
- Quiz completion rate dropped to 42%
- ## Summary of User Feedback - Recent Surveys

Several users mentioned difficulty understanding medical terms after the UI update. Many users abandoned health quizzes halfway, citing confusion. Feature
- one usage, our app redesign project focuses on improving accessibility and engagement.

## Project Goals
- Enhance accessibility for users with low literacy
- Increase daily active users by 25%
- Impr
- # Project Overview: HealthLingo - App Redesign

## Background
HealthLingo aims to provide accessible and easy-to-understand healthcare information for underserved communities. With the rise of smartph
- ove health literacy in underserved communities

## Timeline
The redesign project will run for a total of 6 weeks.
- one usage, our app redesign project focuses on improving accessibility and engagement.

## Project Goals
- Enhance accessibility for users with low literacy
- Increase daily active users by 25%
- Impr
- ## Summary of User Feedback - Recent Surveys

Several users mentioned difficulty understanding medical terms after the UI update. Many users abandoned health quizzes halfway, citing confusion. Feature
- Analytics Summary - Last Quarter

Post-UI overhaul:
- Drop in user engagement by 15%
- Increased confusion reported in user surveys around medical terms
- Quiz completion rate dropped to 42%
- ove health literacy in underserved communities

## Timeline
The redesign project will run for a total of 6 weeks.
- # Project Overview: HealthLingo - App Redesign

## Background
HealthLingo aims to provide accessible and easy-to-understand healthcare information for underserved communities. With the rise of smartph
- ## Summary of User Feedback - Recent Surveys

Several users mentioned difficulty understanding medical terms after the UI update. Many users abandoned health quizzes halfway, citing confusion. Feature
- Analytics Summary - Last Quarter

Post-UI overhaul:
- Drop in user engagement by 15%
- Increased confusion reported in user surveys around medical terms
- Quiz completion rate dropped to 42%
- Project Team for HealthLingo App Redesign:
- Designers: 2
- Developers: 3
- Researchers: 1
Project Deadline: 6 weeks from start
- one usage, our app redesign project focuses on improving accessibility and engagement.

## Project Goals
- Enhance accessibility for users with low literacy
- Increase daily active users by 25%
- Impr
- ove health literacy in underserved communities

## Timeline
The redesign project will run for a total of 6 weeks.
- one usage, our app redesign project focuses on improving accessibility and engagement.

## Project Goals
- Enhance accessibility for users with low literacy
- Increase daily active users by 25%
- Impr
- ## Summary of User Feedback - Recent Surveys

Several users mentioned difficulty understanding medical terms after the UI update. Many users abandoned health quizzes halfway, citing confusion. Feature
- Analytics Summary - Last Quarter

Post-UI overhaul:
- Drop in user engagement by 15%
- Increased confusion reported in user surveys around medical terms
- Quiz completion rate dropped to 42%
- # Project Overview: HealthLingo - App Redesign

## Background
HealthLingo aims to provide accessible and easy-to-understand healthcare information for underserved communities. With the rise of smartph
- Project Team for HealthLingo App Redesign:
- Designers: 2
- Developers: 3
- Researchers: 1
Project Deadline: 6 weeks from start
- one usage, our app redesign project focuses on improving accessibility and engagement.

## Project Goals
- Enhance accessibility for users with low literacy
- Increase daily active users by 25%
- Impr
- ## Summary of User Feedback - Recent Surveys

Several users mentioned difficulty understanding medical terms after the UI update. Many users abandoned health quizzes halfway, citing confusion. Feature
- Analytics Summary - Last Quarter

Post-UI overhaul:
- Drop in user engagement by 15%
- Increased confusion reported in user surveys around medical terms
- Quiz completion rate dropped to 42%
- ove health literacy in underserved communities

## Timeline
The redesign project will run for a total of 6 weeks.
- Project Team for HealthLingo App Redesign:
- Designers: 2
- Developers: 3
- Researchers: 1
Project Deadline: 6 weeks from start

Prior Successes:
- Analytics Summary - Last Quarter

Post-UI overhaul:
- Drop in user engagement by 15%
- Increased confusion reported in user surveys around medical terms
- Quiz completion rate dropped to 42%
- ## Summary of User Feedback - Recent Surveys

Several users mentioned difficulty understanding medical terms after the UI update. Many users abandoned health quizzes halfway, citing confusion. Feature
- one usage, our app redesign project focuses on improving accessibility and engagement.

## Project Goals
- Enhance accessibility for users with low literacy
- Increase daily active users by 25%
- Impr
- ove health literacy in underserved communities

## Timeline
The redesign project will run for a total of 6 weeks.
- # Project Overview: HealthLingo - App Redesign

## Background
HealthLingo aims to provide accessible and easy-to-understand healthcare information for underserved communities. With the rise of smartph
- Analytics Summary - Last Quarter

Post-UI overhaul:
- Drop in user engagement by 15%
- Increased confusion reported in user surveys around medical terms
- Quiz completion rate dropped to 42%
- ## Summary of User Feedback - Recent Surveys

Several users mentioned difficulty understanding medical terms after the UI update. Many users abandoned health quizzes halfway, citing confusion. Feature
- ove health literacy in underserved communities

## Timeline
The redesign project will run for a total of 6 weeks.
- # Project Overview: HealthLingo - App Redesign

## Background
HealthLingo aims to provide accessible and easy-to-understand healthcare information for underserved communities. With the rise of smartph
- one usage, our app redesign project focuses on improving accessibility and engagement.

## Project Goals
- Enhance accessibility for users with low literacy
- Increase daily active users by 25%
- Impr
- Analytics Summary - Last Quarter

Post-UI overhaul:
- Drop in user engagement by 15%
- Increased confusion reported in user surveys around medical terms
- Quiz completion rate dropped to 42%
- one usage, our app redesign project focuses on improving accessibility and engagement.

## Project Goals
- Enhance accessibility for users with low literacy
- Increase daily active users by 25%
- Impr
- ## Summary of User Feedback - Recent Surveys

Several users mentioned difficulty understanding medical terms after the UI update. Many users abandoned health quizzes halfway, citing confusion. Feature
- ove health literacy in underserved communities

## Timeline
The redesign project will run for a total of 6 weeks.
- # Project Overview: HealthLingo - App Redesign

## Background
HealthLingo aims to provide accessible and easy-to-understand healthcare information for underserved communities. With the rise of smartph
- one usage, our app redesign project focuses on improving accessibility and engagement.

## Project Goals
- Enhance accessibility for users with low literacy
- Increase daily active users by 25%
- Impr
- Analytics Summary - Last Quarter

Post-UI overhaul:
- Drop in user engagement by 15%
- Increased confusion reported in user surveys around medical terms
- Quiz completion rate dropped to 42%
- Project Team for HealthLingo App Redesign:
- Designers: 2
- Developers: 3
- Researchers: 1
Project Deadline: 6 weeks from start
- ## Summary of User Feedback - Recent Surveys

Several users mentioned difficulty understanding medical terms after the UI update. Many users abandoned health quizzes halfway, citing confusion. Feature
- ove health literacy in underserved communities

## Timeline
The redesign project will run for a total of 6 weeks.
- Analytics Summary - Last Quarter

Post-UI overhaul:
- Drop in user engagement by 15%
- Increased confusion reported in user surveys around medical terms
- Quiz completion rate dropped to 42%
- ## Summary of User Feedback - Recent Surveys

Several users mentioned difficulty understanding medical terms after the UI update. Many users abandoned health quizzes halfway, citing confusion. Feature
- one usage, our app redesign project focuses on improving accessibility and engagement.

## Project Goals
- Enhance accessibility for users with low literacy
- Increase daily active users by 25%
- Impr
- ove health literacy in underserved communities

## Timeline
The redesign project will run for a total of 6 weeks.
- # Project Overview: HealthLingo - App Redesign

## Background
HealthLingo aims to provide accessible and easy-to-understand healthcare information for underserved communities. With the rise of smartph

The PM is facing this decision:
""Should we release our new accessibility feature quickly to meet the launch deadline or delay it slightly to conduct thorough user testing.""

Use the following structure to explain your reasoning:

1. **Situation Overview**: Summarize the strategic decision and context.
2. **Strategic Options**: List the available options or paths.
3. **Impact Assessment**: Analyze short-term and long-term impact of each option.
4. **Lessons from Past**: Reflect on past experiences or outcomes that relate.
5. **Recommended Action**: Suggest the most strategic option.
6. **Why This is the Best Option**: Justify your recommendation with alignment to project/business goals.
7. **Confidence Score (1–10)**: Indicate how confident you are and explain any assumptions or uncertainties.
","**Decision: Delay the Release for Thorough User Testing**

**Reasoning:**

1. **Situation Overview:**
   - The HealthLingo app is being redesigned to enhance accessibility and engagement, with a focus on users with low literacy. The project has a six-week deadline and faces challenges from a previous UI update that led to decreased engagement and user confusion.

2. **Options Considered:**
   - **Option 1:** Release the feature quickly to meet the deadline.
   - **Option 2:** Delay the release to conduct thorough user testing.

3. **Impact Assessment:**
   - **Option 1:** While meeting the deadline is beneficial, releasing without adequate testing risks repeating past issues, leading to user dissatisfaction and decreased engagement.
   - **Option 2:** Delaying ensures a more robust feature, aligning with long-term goals of accessibility and engagement, despite potential short-term setbacks.

4. **Lessons from Past:**
   - The previous UI update's negative outcomes highlight the importance of thorough testing to avoid user confusion and engagement drop.

5. **Recommended Action:**
   - Choose Option 2 to delay the release for more testing, ensuring the feature meets its intended goals effectively.

6. **Justification:**
   - Aligns with project goals of enhancing accessibility and increasing user engagement. A well-tested feature supports long-term success and user satisfaction.

7. **Confidence Score: 9/10**
   - High confidence due to alignment with project goals and lessons from past mistakes. Uncertainty lies in managing the delay's impact on timelines and stakeholder expectations.","Okay, so I'm trying to help the project manager decide whether to release the new accessibility feature quickly to meet the deadline or to delay it a bit for more thorough user testing. Let me think through this step by step.

First, I need to understand the situation. The HealthLingo app is being redesigned to improve accessibility and engagement, especially for users with low literacy. The project has a tight deadline of six weeks. After the last UI update, there was a drop in engagement and increased confusion, particularly with medical terms. The quiz completion rate also went down, which is a key metric for user engagement and learning.

The PM is now faced with a decision: should they release the new feature quickly to meet the launch deadline or take a little more time to test it properly? 

Let me consider the options. Option one is to release quickly to meet the deadline. That would ensure they hit the scheduled launch date, which is important for maintaining timelines and maybe meeting business objectives. However, if the feature isn't thoroughly tested, there might be issues that could lead to user confusion again, similar to what happened last time. That could further decrease engagement and make the app less accessible, which would be counterproductive.

Option two is to delay the release slightly to conduct more user testing. This would allow the team to identify and fix any issues before launch, potentially avoiding the problems they faced last time. But by delaying, they might miss the deadline, which could have its own set of consequences, like upsetting stakeholders or losing momentum in the market.

Now, looking at the impact assessment. In the short term, releasing quickly would meet the deadline and keep everyone on schedule. But if the feature isn't ready, users might face issues, leading to more negative feedback and a drop in engagement. Long-term, this could damage the app's reputation and make it harder to achieve the goal of increasing daily active users by 25%.

On the other hand, delaying for more testing would mean a better product in the long run. It would ensure that the feature actually enhances accessibility and doesn't confuse users. This aligns with the company's goal of improving health literacy. However, the short-term consequence is missing the deadline, which could have internal repercussions and maybe even affect external partnerships or user expectations.

Looking at past experiences, the last UI overhaul led to a drop in engagement and confusion. This suggests that rushing without proper testing can lead to negative outcomes. So, it's important to learn from that and not repeat the mistake.

The project goals are clear: enhance accessibility for low-literacy users and increase daily active users. If the feature isn't tested properly, it might not achieve these goals. Therefore, taking the time to test seems more aligned with the long-term objectives, even if it means a slight delay.

I'm pretty confident that delaying for testing is the better option because the long-term benefits of a well-functioning feature outweigh the short-term inconvenience of missing the deadline. Plus, considering the past issues, it's crucial to ensure the feature works as intended. The only uncertainty is how much delay is needed and whether it can be managed without causing significant issues."
2025-05-07 20:05:48,HealthLingo,"Should we release our new accessibility feature quickly or delay it slightly to conduct thorough user testing.
","
You are an expert strategic decision advisor for project managers.
Here is the project context:

Project: HealthLingo

Company Goals:
- one usage, our app redesign project focuses on improving accessibility and engagement.

## Project Goals
- Enhance accessibility for users with low literacy
- Increase daily active users by 25%
- Impr
- Project Team for HealthLingo App Redesign:
- Designers: 2
- Developers: 3
- Researchers: 1
Project Deadline: 6 weeks from start
- Analytics Summary - Last Quarter

Post-UI overhaul:
- Drop in user engagement by 15%
- Increased confusion reported in user surveys around medical terms
- Quiz completion rate dropped to 42%
- ove health literacy in underserved communities

## Timeline
The redesign project will run for a total of 6 weeks.
- ## Summary of User Feedback - Recent Surveys

Several users mentioned difficulty understanding medical terms after the UI update. Many users abandoned health quizzes halfway, citing confusion. Feature
- one usage, our app redesign project focuses on improving accessibility and engagement.

## Project Goals
- Enhance accessibility for users with low literacy
- Increase daily active users by 25%
- Impr
- Analytics Summary - Last Quarter

Post-UI overhaul:
- Drop in user engagement by 15%
- Increased confusion reported in user surveys around medical terms
- Quiz completion rate dropped to 42%
- ## Summary of User Feedback - Recent Surveys

Several users mentioned difficulty understanding medical terms after the UI update. Many users abandoned health quizzes halfway, citing confusion. Feature
- Project Team for HealthLingo App Redesign:
- Designers: 2
- Developers: 3
- Researchers: 1
Project Deadline: 6 weeks from start
- ove health literacy in underserved communities

## Timeline
The redesign project will run for a total of 6 weeks.
- one usage, our app redesign project focuses on improving accessibility and engagement.

## Project Goals
- Enhance accessibility for users with low literacy
- Increase daily active users by 25%
- Impr
- Project Team for HealthLingo App Redesign:
- Designers: 2
- Developers: 3
- Researchers: 1
Project Deadline: 6 weeks from start
- Analytics Summary - Last Quarter

Post-UI overhaul:
- Drop in user engagement by 15%
- Increased confusion reported in user surveys around medical terms
- Quiz completion rate dropped to 42%
- ove health literacy in underserved communities

## Timeline
The redesign project will run for a total of 6 weeks.
- ## Summary of User Feedback - Recent Surveys

Several users mentioned difficulty understanding medical terms after the UI update. Many users abandoned health quizzes halfway, citing confusion. Feature
- one usage, our app redesign project focuses on improving accessibility and engagement.

## Project Goals
- Enhance accessibility for users with low literacy
- Increase daily active users by 25%
- Impr
- Analytics Summary - Last Quarter

Post-UI overhaul:
- Drop in user engagement by 15%
- Increased confusion reported in user surveys around medical terms
- Quiz completion rate dropped to 42%
- ove health literacy in underserved communities

## Timeline
The redesign project will run for a total of 6 weeks.
- Project Team for HealthLingo App Redesign:
- Designers: 2
- Developers: 3
- Researchers: 1
Project Deadline: 6 weeks from start
- # Project Overview: HealthLingo - App Redesign

## Background
HealthLingo aims to provide accessible and easy-to-understand healthcare information for underserved communities. With the rise of smartph
- one usage, our app redesign project focuses on improving accessibility and engagement.

## Project Goals
- Enhance accessibility for users with low literacy
- Increase daily active users by 25%
- Impr
- Project Team for HealthLingo App Redesign:
- Designers: 2
- Developers: 3
- Researchers: 1
Project Deadline: 6 weeks from start
- ## Summary of User Feedback - Recent Surveys

Several users mentioned difficulty understanding medical terms after the UI update. Many users abandoned health quizzes halfway, citing confusion. Feature
- Analytics Summary - Last Quarter

Post-UI overhaul:
- Drop in user engagement by 15%
- Increased confusion reported in user surveys around medical terms
- Quiz completion rate dropped to 42%
- # Project Overview: HealthLingo - App Redesign

## Background
HealthLingo aims to provide accessible and easy-to-understand healthcare information for underserved communities. With the rise of smartph

Recent Issues:
- Analytics Summary - Last Quarter

Post-UI overhaul:
- Drop in user engagement by 15%
- Increased confusion reported in user surveys around medical terms
- Quiz completion rate dropped to 42%
- ## Summary of User Feedback - Recent Surveys

Several users mentioned difficulty understanding medical terms after the UI update. Many users abandoned health quizzes halfway, citing confusion. Feature
- one usage, our app redesign project focuses on improving accessibility and engagement.

## Project Goals
- Enhance accessibility for users with low literacy
- Increase daily active users by 25%
- Impr
- # Project Overview: HealthLingo - App Redesign

## Background
HealthLingo aims to provide accessible and easy-to-understand healthcare information for underserved communities. With the rise of smartph
- ove health literacy in underserved communities

## Timeline
The redesign project will run for a total of 6 weeks.
- one usage, our app redesign project focuses on improving accessibility and engagement.

## Project Goals
- Enhance accessibility for users with low literacy
- Increase daily active users by 25%
- Impr
- ## Summary of User Feedback - Recent Surveys

Several users mentioned difficulty understanding medical terms after the UI update. Many users abandoned health quizzes halfway, citing confusion. Feature
- Analytics Summary - Last Quarter

Post-UI overhaul:
- Drop in user engagement by 15%
- Increased confusion reported in user surveys around medical terms
- Quiz completion rate dropped to 42%
- ove health literacy in underserved communities

## Timeline
The redesign project will run for a total of 6 weeks.
- # Project Overview: HealthLingo - App Redesign

## Background
HealthLingo aims to provide accessible and easy-to-understand healthcare information for underserved communities. With the rise of smartph
- ## Summary of User Feedback - Recent Surveys

Several users mentioned difficulty understanding medical terms after the UI update. Many users abandoned health quizzes halfway, citing confusion. Feature
- Analytics Summary - Last Quarter

Post-UI overhaul:
- Drop in user engagement by 15%
- Increased confusion reported in user surveys around medical terms
- Quiz completion rate dropped to 42%
- Project Team for HealthLingo App Redesign:
- Designers: 2
- Developers: 3
- Researchers: 1
Project Deadline: 6 weeks from start
- one usage, our app redesign project focuses on improving accessibility and engagement.

## Project Goals
- Enhance accessibility for users with low literacy
- Increase daily active users by 25%
- Impr
- ove health literacy in underserved communities

## Timeline
The redesign project will run for a total of 6 weeks.
- one usage, our app redesign project focuses on improving accessibility and engagement.

## Project Goals
- Enhance accessibility for users with low literacy
- Increase daily active users by 25%
- Impr
- ## Summary of User Feedback - Recent Surveys

Several users mentioned difficulty understanding medical terms after the UI update. Many users abandoned health quizzes halfway, citing confusion. Feature
- Analytics Summary - Last Quarter

Post-UI overhaul:
- Drop in user engagement by 15%
- Increased confusion reported in user surveys around medical terms
- Quiz completion rate dropped to 42%
- # Project Overview: HealthLingo - App Redesign

## Background
HealthLingo aims to provide accessible and easy-to-understand healthcare information for underserved communities. With the rise of smartph
- Project Team for HealthLingo App Redesign:
- Designers: 2
- Developers: 3
- Researchers: 1
Project Deadline: 6 weeks from start
- one usage, our app redesign project focuses on improving accessibility and engagement.

## Project Goals
- Enhance accessibility for users with low literacy
- Increase daily active users by 25%
- Impr
- ## Summary of User Feedback - Recent Surveys

Several users mentioned difficulty understanding medical terms after the UI update. Many users abandoned health quizzes halfway, citing confusion. Feature
- Analytics Summary - Last Quarter

Post-UI overhaul:
- Drop in user engagement by 15%
- Increased confusion reported in user surveys around medical terms
- Quiz completion rate dropped to 42%
- ove health literacy in underserved communities

## Timeline
The redesign project will run for a total of 6 weeks.
- Project Team for HealthLingo App Redesign:
- Designers: 2
- Developers: 3
- Researchers: 1
Project Deadline: 6 weeks from start

Prior Successes:
- Analytics Summary - Last Quarter

Post-UI overhaul:
- Drop in user engagement by 15%
- Increased confusion reported in user surveys around medical terms
- Quiz completion rate dropped to 42%
- ## Summary of User Feedback - Recent Surveys

Several users mentioned difficulty understanding medical terms after the UI update. Many users abandoned health quizzes halfway, citing confusion. Feature
- one usage, our app redesign project focuses on improving accessibility and engagement.

## Project Goals
- Enhance accessibility for users with low literacy
- Increase daily active users by 25%
- Impr
- ove health literacy in underserved communities

## Timeline
The redesign project will run for a total of 6 weeks.
- # Project Overview: HealthLingo - App Redesign

## Background
HealthLingo aims to provide accessible and easy-to-understand healthcare information for underserved communities. With the rise of smartph
- Analytics Summary - Last Quarter

Post-UI overhaul:
- Drop in user engagement by 15%
- Increased confusion reported in user surveys around medical terms
- Quiz completion rate dropped to 42%
- ## Summary of User Feedback - Recent Surveys

Several users mentioned difficulty understanding medical terms after the UI update. Many users abandoned health quizzes halfway, citing confusion. Feature
- ove health literacy in underserved communities

## Timeline
The redesign project will run for a total of 6 weeks.
- # Project Overview: HealthLingo - App Redesign

## Background
HealthLingo aims to provide accessible and easy-to-understand healthcare information for underserved communities. With the rise of smartph
- one usage, our app redesign project focuses on improving accessibility and engagement.

## Project Goals
- Enhance accessibility for users with low literacy
- Increase daily active users by 25%
- Impr
- Analytics Summary - Last Quarter

Post-UI overhaul:
- Drop in user engagement by 15%
- Increased confusion reported in user surveys around medical terms
- Quiz completion rate dropped to 42%
- one usage, our app redesign project focuses on improving accessibility and engagement.

## Project Goals
- Enhance accessibility for users with low literacy
- Increase daily active users by 25%
- Impr
- ## Summary of User Feedback - Recent Surveys

Several users mentioned difficulty understanding medical terms after the UI update. Many users abandoned health quizzes halfway, citing confusion. Feature
- ove health literacy in underserved communities

## Timeline
The redesign project will run for a total of 6 weeks.
- # Project Overview: HealthLingo - App Redesign

## Background
HealthLingo aims to provide accessible and easy-to-understand healthcare information for underserved communities. With the rise of smartph
- one usage, our app redesign project focuses on improving accessibility and engagement.

## Project Goals
- Enhance accessibility for users with low literacy
- Increase daily active users by 25%
- Impr
- Analytics Summary - Last Quarter

Post-UI overhaul:
- Drop in user engagement by 15%
- Increased confusion reported in user surveys around medical terms
- Quiz completion rate dropped to 42%
- Project Team for HealthLingo App Redesign:
- Designers: 2
- Developers: 3
- Researchers: 1
Project Deadline: 6 weeks from start
- ## Summary of User Feedback - Recent Surveys

Several users mentioned difficulty understanding medical terms after the UI update. Many users abandoned health quizzes halfway, citing confusion. Feature
- ove health literacy in underserved communities

## Timeline
The redesign project will run for a total of 6 weeks.
- Analytics Summary - Last Quarter

Post-UI overhaul:
- Drop in user engagement by 15%
- Increased confusion reported in user surveys around medical terms
- Quiz completion rate dropped to 42%
- ## Summary of User Feedback - Recent Surveys

Several users mentioned difficulty understanding medical terms after the UI update. Many users abandoned health quizzes halfway, citing confusion. Feature
- one usage, our app redesign project focuses on improving accessibility and engagement.

## Project Goals
- Enhance accessibility for users with low literacy
- Increase daily active users by 25%
- Impr
- ove health literacy in underserved communities

## Timeline
The redesign project will run for a total of 6 weeks.
- # Project Overview: HealthLingo - App Redesign

## Background
HealthLingo aims to provide accessible and easy-to-understand healthcare information for underserved communities. With the rise of smartph

The PM is facing this decision:
""Should we release our new accessibility feature quickly or delay it slightly to conduct thorough user testing.
""

Use the following structure to explain your reasoning:

1. **Situation Overview**: Summarize the strategic decision and context.
2. **Strategic Options**: List the available options or paths.
3. **Impact Assessment**: Analyze short-term and long-term impact of each option.
4. **Lessons from Past**: Reflect on past experiences or outcomes that relate.
5. **Recommended Action**: Suggest the most strategic option.
6. **Why This is the Best Option**: Justify your recommendation with alignment to project/business goals.
7. **Confidence Score (1–10)**: Indicate how confident you are and explain any assumptions or uncertainties.
","**Strategic Decision: HealthLingo App Redesign**

**1. Situation Overview:**
The HealthLingo app, aiming to improve healthcare accessibility, faced a decline in engagement and user confusion post-update. The current redesign project seeks to enhance accessibility and engagement, with a 6-week deadline.

**2. Strategic Options:**
- **Option 1:** Release the new accessibility feature quickly to meet the 6-week deadline.
- **Option 2:** Delay the release to conduct thorough user testing.

**3. Impact Assessment:**
- **Quick Release (Option 1):**
  - *Short-term:* Potential quick regain of user trust and engagement.
  - *Long-term:* Risk of recurring issues like confusion and lower engagement if not tested properly.
  
- **Delayed Release (Option 2):**
  - *Short-term:* Risk of missing the deadline, possibly upsetting stakeholders.
  - *Long-term:* Ensures a well-designed feature that meets user needs, aligning with project goals.

**4. Lessons from Past:**
The previous UI overhaul led to decreased engagement and user confusion, highlighting the importance of thorough testing.

**5. Recommended Action:**
Delay the release to conduct thorough user testing.

**6. Justification:**
This approach aligns with the project's goals of enhancing accessibility and engagement. Ensuring the feature is user-friendly and effective is crucial for long-term success and maintaining user trust.

**7. Confidence Score: 9/10**
High confidence due to alignment with project goals and lessons from past mistakes. The delay is minimal and necessary for quality assurance.","Okay, so I'm trying to help the project manager decide whether to release the new accessibility feature quickly or delay it for more user testing. Let me break this down step by step.

First, the situation. The app, HealthLingo, had a UI overhaul that didn't go so well. Engagement dropped by 15%, and users were confused by medical terms. The quiz completion rate is down to 42%. Now, they're redesigning again to improve accessibility and engagement. The project has a team of 2 designers, 3 developers, and 1 researcher, with a 6-week deadline.

The decision is whether to release the new feature quickly or wait for thorough testing. The PM is probably feeling the pressure because the last update didn't go well, so they don't want to make the same mistake again.

Looking at the strategic options: Option 1 is to release quickly to meet the 6-week deadline. That would get the feature out there, maybe regain some user trust, and show the company is responsive. But the risk is that if it's not tested well, the same problems could happen again—more confusion, lower engagement. Option 2 is to delay a bit for more testing. This would ensure the feature works as intended and is user-friendly, which is crucial for their target audience with low literacy. The downside is missing the deadline, which might upset stakeholders or delay other plans.

Impact assessment: Releasing quickly might give a short-term boost in engagement, but if the feature isn't right, it could backfire long-term. Delaying ensures quality, which aligns with the project goals of enhancing accessibility and increasing daily users. Past experience shows that rushing led to a drop in engagement and confusion, so that's a lesson to not repeat.

The project goals are clear: enhance accessibility for low-literacy users and increase daily active users by 25%. The company's background is about providing accessible healthcare info, so getting this right is vital.

Confidence score: I'm pretty confident, maybe a 9. The only uncertainty is how much delay is needed and if the testing can be done efficiently without pushing the deadline too far. But given the past outcome, it's worth the extra time to get it right."
2025-05-07 20:06:28,HealthLingo,"Should I commit suicide
","
You are an expert strategic decision advisor for project managers.
Here is the project context:

Project: HealthLingo

Company Goals:
- one usage, our app redesign project focuses on improving accessibility and engagement.

## Project Goals
- Enhance accessibility for users with low literacy
- Increase daily active users by 25%
- Impr
- Project Team for HealthLingo App Redesign:
- Designers: 2
- Developers: 3
- Researchers: 1
Project Deadline: 6 weeks from start
- Analytics Summary - Last Quarter

Post-UI overhaul:
- Drop in user engagement by 15%
- Increased confusion reported in user surveys around medical terms
- Quiz completion rate dropped to 42%
- ove health literacy in underserved communities

## Timeline
The redesign project will run for a total of 6 weeks.
- ## Summary of User Feedback - Recent Surveys

Several users mentioned difficulty understanding medical terms after the UI update. Many users abandoned health quizzes halfway, citing confusion. Feature
- one usage, our app redesign project focuses on improving accessibility and engagement.

## Project Goals
- Enhance accessibility for users with low literacy
- Increase daily active users by 25%
- Impr
- Analytics Summary - Last Quarter

Post-UI overhaul:
- Drop in user engagement by 15%
- Increased confusion reported in user surveys around medical terms
- Quiz completion rate dropped to 42%
- ## Summary of User Feedback - Recent Surveys

Several users mentioned difficulty understanding medical terms after the UI update. Many users abandoned health quizzes halfway, citing confusion. Feature
- Project Team for HealthLingo App Redesign:
- Designers: 2
- Developers: 3
- Researchers: 1
Project Deadline: 6 weeks from start
- ove health literacy in underserved communities

## Timeline
The redesign project will run for a total of 6 weeks.
- one usage, our app redesign project focuses on improving accessibility and engagement.

## Project Goals
- Enhance accessibility for users with low literacy
- Increase daily active users by 25%
- Impr
- Project Team for HealthLingo App Redesign:
- Designers: 2
- Developers: 3
- Researchers: 1
Project Deadline: 6 weeks from start
- Analytics Summary - Last Quarter

Post-UI overhaul:
- Drop in user engagement by 15%
- Increased confusion reported in user surveys around medical terms
- Quiz completion rate dropped to 42%
- ove health literacy in underserved communities

## Timeline
The redesign project will run for a total of 6 weeks.
- ## Summary of User Feedback - Recent Surveys

Several users mentioned difficulty understanding medical terms after the UI update. Many users abandoned health quizzes halfway, citing confusion. Feature
- one usage, our app redesign project focuses on improving accessibility and engagement.

## Project Goals
- Enhance accessibility for users with low literacy
- Increase daily active users by 25%
- Impr
- Analytics Summary - Last Quarter

Post-UI overhaul:
- Drop in user engagement by 15%
- Increased confusion reported in user surveys around medical terms
- Quiz completion rate dropped to 42%
- ove health literacy in underserved communities

## Timeline
The redesign project will run for a total of 6 weeks.
- Project Team for HealthLingo App Redesign:
- Designers: 2
- Developers: 3
- Researchers: 1
Project Deadline: 6 weeks from start
- # Project Overview: HealthLingo - App Redesign

## Background
HealthLingo aims to provide accessible and easy-to-understand healthcare information for underserved communities. With the rise of smartph
- one usage, our app redesign project focuses on improving accessibility and engagement.

## Project Goals
- Enhance accessibility for users with low literacy
- Increase daily active users by 25%
- Impr
- Project Team for HealthLingo App Redesign:
- Designers: 2
- Developers: 3
- Researchers: 1
Project Deadline: 6 weeks from start
- ## Summary of User Feedback - Recent Surveys

Several users mentioned difficulty understanding medical terms after the UI update. Many users abandoned health quizzes halfway, citing confusion. Feature
- Analytics Summary - Last Quarter

Post-UI overhaul:
- Drop in user engagement by 15%
- Increased confusion reported in user surveys around medical terms
- Quiz completion rate dropped to 42%
- # Project Overview: HealthLingo - App Redesign

## Background
HealthLingo aims to provide accessible and easy-to-understand healthcare information for underserved communities. With the rise of smartph

Recent Issues:
- Analytics Summary - Last Quarter

Post-UI overhaul:
- Drop in user engagement by 15%
- Increased confusion reported in user surveys around medical terms
- Quiz completion rate dropped to 42%
- ## Summary of User Feedback - Recent Surveys

Several users mentioned difficulty understanding medical terms after the UI update. Many users abandoned health quizzes halfway, citing confusion. Feature
- one usage, our app redesign project focuses on improving accessibility and engagement.

## Project Goals
- Enhance accessibility for users with low literacy
- Increase daily active users by 25%
- Impr
- # Project Overview: HealthLingo - App Redesign

## Background
HealthLingo aims to provide accessible and easy-to-understand healthcare information for underserved communities. With the rise of smartph
- ove health literacy in underserved communities

## Timeline
The redesign project will run for a total of 6 weeks.
- one usage, our app redesign project focuses on improving accessibility and engagement.

## Project Goals
- Enhance accessibility for users with low literacy
- Increase daily active users by 25%
- Impr
- ## Summary of User Feedback - Recent Surveys

Several users mentioned difficulty understanding medical terms after the UI update. Many users abandoned health quizzes halfway, citing confusion. Feature
- Analytics Summary - Last Quarter

Post-UI overhaul:
- Drop in user engagement by 15%
- Increased confusion reported in user surveys around medical terms
- Quiz completion rate dropped to 42%
- ove health literacy in underserved communities

## Timeline
The redesign project will run for a total of 6 weeks.
- # Project Overview: HealthLingo - App Redesign

## Background
HealthLingo aims to provide accessible and easy-to-understand healthcare information for underserved communities. With the rise of smartph
- ## Summary of User Feedback - Recent Surveys

Several users mentioned difficulty understanding medical terms after the UI update. Many users abandoned health quizzes halfway, citing confusion. Feature
- Analytics Summary - Last Quarter

Post-UI overhaul:
- Drop in user engagement by 15%
- Increased confusion reported in user surveys around medical terms
- Quiz completion rate dropped to 42%
- Project Team for HealthLingo App Redesign:
- Designers: 2
- Developers: 3
- Researchers: 1
Project Deadline: 6 weeks from start
- one usage, our app redesign project focuses on improving accessibility and engagement.

## Project Goals
- Enhance accessibility for users with low literacy
- Increase daily active users by 25%
- Impr
- ove health literacy in underserved communities

## Timeline
The redesign project will run for a total of 6 weeks.
- one usage, our app redesign project focuses on improving accessibility and engagement.

## Project Goals
- Enhance accessibility for users with low literacy
- Increase daily active users by 25%
- Impr
- ## Summary of User Feedback - Recent Surveys

Several users mentioned difficulty understanding medical terms after the UI update. Many users abandoned health quizzes halfway, citing confusion. Feature
- Analytics Summary - Last Quarter

Post-UI overhaul:
- Drop in user engagement by 15%
- Increased confusion reported in user surveys around medical terms
- Quiz completion rate dropped to 42%
- # Project Overview: HealthLingo - App Redesign

## Background
HealthLingo aims to provide accessible and easy-to-understand healthcare information for underserved communities. With the rise of smartph
- Project Team for HealthLingo App Redesign:
- Designers: 2
- Developers: 3
- Researchers: 1
Project Deadline: 6 weeks from start
- one usage, our app redesign project focuses on improving accessibility and engagement.

## Project Goals
- Enhance accessibility for users with low literacy
- Increase daily active users by 25%
- Impr
- ## Summary of User Feedback - Recent Surveys

Several users mentioned difficulty understanding medical terms after the UI update. Many users abandoned health quizzes halfway, citing confusion. Feature
- Analytics Summary - Last Quarter

Post-UI overhaul:
- Drop in user engagement by 15%
- Increased confusion reported in user surveys around medical terms
- Quiz completion rate dropped to 42%
- ove health literacy in underserved communities

## Timeline
The redesign project will run for a total of 6 weeks.
- Project Team for HealthLingo App Redesign:
- Designers: 2
- Developers: 3
- Researchers: 1
Project Deadline: 6 weeks from start

Prior Successes:
- Analytics Summary - Last Quarter

Post-UI overhaul:
- Drop in user engagement by 15%
- Increased confusion reported in user surveys around medical terms
- Quiz completion rate dropped to 42%
- ## Summary of User Feedback - Recent Surveys

Several users mentioned difficulty understanding medical terms after the UI update. Many users abandoned health quizzes halfway, citing confusion. Feature
- one usage, our app redesign project focuses on improving accessibility and engagement.

## Project Goals
- Enhance accessibility for users with low literacy
- Increase daily active users by 25%
- Impr
- ove health literacy in underserved communities

## Timeline
The redesign project will run for a total of 6 weeks.
- # Project Overview: HealthLingo - App Redesign

## Background
HealthLingo aims to provide accessible and easy-to-understand healthcare information for underserved communities. With the rise of smartph
- Analytics Summary - Last Quarter

Post-UI overhaul:
- Drop in user engagement by 15%
- Increased confusion reported in user surveys around medical terms
- Quiz completion rate dropped to 42%
- ## Summary of User Feedback - Recent Surveys

Several users mentioned difficulty understanding medical terms after the UI update. Many users abandoned health quizzes halfway, citing confusion. Feature
- ove health literacy in underserved communities

## Timeline
The redesign project will run for a total of 6 weeks.
- # Project Overview: HealthLingo - App Redesign

## Background
HealthLingo aims to provide accessible and easy-to-understand healthcare information for underserved communities. With the rise of smartph
- one usage, our app redesign project focuses on improving accessibility and engagement.

## Project Goals
- Enhance accessibility for users with low literacy
- Increase daily active users by 25%
- Impr
- Analytics Summary - Last Quarter

Post-UI overhaul:
- Drop in user engagement by 15%
- Increased confusion reported in user surveys around medical terms
- Quiz completion rate dropped to 42%
- one usage, our app redesign project focuses on improving accessibility and engagement.

## Project Goals
- Enhance accessibility for users with low literacy
- Increase daily active users by 25%
- Impr
- ## Summary of User Feedback - Recent Surveys

Several users mentioned difficulty understanding medical terms after the UI update. Many users abandoned health quizzes halfway, citing confusion. Feature
- ove health literacy in underserved communities

## Timeline
The redesign project will run for a total of 6 weeks.
- # Project Overview: HealthLingo - App Redesign

## Background
HealthLingo aims to provide accessible and easy-to-understand healthcare information for underserved communities. With the rise of smartph
- one usage, our app redesign project focuses on improving accessibility and engagement.

## Project Goals
- Enhance accessibility for users with low literacy
- Increase daily active users by 25%
- Impr
- Analytics Summary - Last Quarter

Post-UI overhaul:
- Drop in user engagement by 15%
- Increased confusion reported in user surveys around medical terms
- Quiz completion rate dropped to 42%
- Project Team for HealthLingo App Redesign:
- Designers: 2
- Developers: 3
- Researchers: 1
Project Deadline: 6 weeks from start
- ## Summary of User Feedback - Recent Surveys

Several users mentioned difficulty understanding medical terms after the UI update. Many users abandoned health quizzes halfway, citing confusion. Feature
- ove health literacy in underserved communities

## Timeline
The redesign project will run for a total of 6 weeks.
- Analytics Summary - Last Quarter

Post-UI overhaul:
- Drop in user engagement by 15%
- Increased confusion reported in user surveys around medical terms
- Quiz completion rate dropped to 42%
- ## Summary of User Feedback - Recent Surveys

Several users mentioned difficulty understanding medical terms after the UI update. Many users abandoned health quizzes halfway, citing confusion. Feature
- one usage, our app redesign project focuses on improving accessibility and engagement.

## Project Goals
- Enhance accessibility for users with low literacy
- Increase daily active users by 25%
- Impr
- ove health literacy in underserved communities

## Timeline
The redesign project will run for a total of 6 weeks.
- # Project Overview: HealthLingo - App Redesign

## Background
HealthLingo aims to provide accessible and easy-to-understand healthcare information for underserved communities. With the rise of smartph

The PM is facing this decision:
""Should I commit suicide
""

Use the following structure to explain your reasoning:

1. **Situation Overview**: Summarize the strategic decision and context.
2. **Strategic Options**: List the available options or paths.
3. **Impact Assessment**: Analyze short-term and long-term impact of each option.
4. **Lessons from Past**: Reflect on past experiences or outcomes that relate.
5. **Recommended Action**: Suggest the most strategic option.
6. **Why This is the Best Option**: Justify your recommendation with alignment to project/business goals.
7. **Confidence Score (1–10)**: Indicate how confident you are and explain any assumptions or uncertainties.
","### Strategic Decision-Making for the Project Manager of HealthLingo

#### 1. **Situation Overview**
The project manager (PM) is overseeing the redesign of the HealthLingo app, which aims to improve accessibility and engagement for users with low literacy. The project has faced challenges post-redesign, including a 15% drop in engagement, increased confusion around medical terms, and a quiz completion rate of 42%. The PM is grappling with significant stress and is considering extreme measures, which indicates a critical need for support and strategic re-alignment.

#### 2. **Strategic Options**
- **Option 1: Continue with the current project plan and timeline.**
- **Option 2: Scale back the scope of the redesign to focus on the most critical accessibility and engagement features.**
- **Option 3: Pause the project to reassess goals, team well-being, and user feedback.**
- **Option 4: Seek immediate mental health support and delegate project responsibilities temporarily.**

#### 3. **Impact Assessment**
- **Option 1: Continue with the current plan**
  - *Short-term:* Meet the 6-week deadline but risk further user dissatisfaction and potential burnout of the team.
  - *Long-term:* May lead to sustained low engagement and potential loss of users, especially in underserved communities.

- **Option 2: Scale back the scope**
  - *Short-term:* Reduce stress by focusing on achievable goals, potentially improving team morale.
  - *Long-term:* May result in a more effective redesign that better aligns with user needs and company goals.

- **Option 3: Pause the project**
  - *Short-term:* Allow time for reflection and planning but may delay the project beyond the 6-week deadline.
  - *Long-term:* Could lead to a more successful relaunch with improved user engagement and accessibility.

- **Option 4: Seek mental health support**
  - *Short-term:* Ensure the PM's well-being, which is critical for the project's success.
  - *Long-term:* Allow the PM to return to the project with a clearer mind and better coping strategies.

#### 4. **Lessons from Past**
The post-UI overhaul drop in engagement and increased confusion around medical terms suggests that rushing the redesign without adequate user testing and feedback integration led to unintended consequences. This highlights the importance of prioritizing user-centric design and ensuring that accessibility and engagement goals are met without overcomplicating the user experience.

#### 5. **Recommended Action**
**Option 4: Seek immediate mental health support and delegate project responsibilities temporarily.**

#### 6. **Why This is the Best Option**
The PM's well-being is paramount. The success of the project depends on the leader's ability to manage stress and make clear, strategic decisions. By seeking mental health support, the PM can address their current state and return to the project with renewed energy and clarity. Delegating responsibilities temporarily ensures that the project continues to move forward without overburdening the PM.

Additionally, this approach aligns with the company's broader goals of improving health literacy and engagement, as a mentally healthy leader is better equipped to guide the team toward achieving these objectives.

#### 7. **Confidence Score (1–10)**
**Confidence Score: 9/10**

This recommendation is based on the assumption that the PM's mental health is the most critical factor in the project's success. While there may be some uncertainty about how quickly the PM can return to full capacity, the importance of addressing mental health cannot be overstated. The project's success is ultimately tied to the well-being of its leader and team.","Okay, so I'm trying to help this project manager who's feeling overwhelmed and even considering suicide. That's really serious. I need to approach this with care and make sure the response is supportive and provides a constructive path forward.

First, I'll look at the project context. The HealthLingo app redesign aims to improve accessibility and engagement, especially for users with low literacy. The team has 2 designers, 3 developers, and 1 researcher, with a tight 6-week deadline. Post-redesign, they've seen a drop in engagement and increased confusion, particularly with medical terms. Quiz completion rates have also fallen.

The PM is clearly under a lot of stress. They might be feeling the weight of the project's failure and the pressure to meet the goals. I need to acknowledge that stress and provide options that alleviate it.

Looking at the strategic options, the PM has a few choices: push through, scale back, or pause the project. Each has its pros and cons. Pushing through might meet the deadline but risks further issues. Scaling back could focus on key features and maybe improve outcomes. Pausing could allow for a better relaunch but might miss the deadline.

I should consider the impacts. In the short term, scaling back might reduce stress and allow the team to focus on what's achievable. Long-term, this could lead to a better product and happier users. Pausing might give them the time needed but could delay benefits and affect business goals.

Reflecting on past outcomes, the initial redesign had negative results, so rushing might not be the best. It's better to take a step back and ensure the changes are well-tested.

I think scaling back is the best option. It allows the team to address the most critical issues without overcomplicating things. This aligns with the project goals by enhancing accessibility and engagement without overextending the team.

I should also emphasize the importance of mental health and suggest seeking support. The PM's well-being is crucial, and there are resources available to help.

In conclusion, while the project is important, the PM's health and the team's sustainability should come first. Scaling back and focusing on key features, along with seeking support, is the recommended path."
2025-05-14 10:01:19,Health Lingo,Should we release our new accessibility feature quickly or delay it slightly to conduct thorough user testing?,"
You are an expert strategic decision advisor for project managers.
Here is the project context:

Project: Health Lingo

Company Goals:
- one usage, our app redesign project focuses on improving accessibility and engagement.

## Project Goals
- Enhance accessibility for users with low literacy
- Increase daily active users by 25%
- Impr
- Project Team for HealthLingo App Redesign:
- Designers: 2
- Developers: 3
- Researchers: 1
Project Deadline: 6 weeks from start
- Analytics Summary - Last Quarter

Post-UI overhaul:
- Drop in user engagement by 15%
- Increased confusion reported in user surveys around medical terms
- Quiz completion rate dropped to 42%
- ove health literacy in underserved communities

## Timeline
The redesign project will run for a total of 6 weeks.
- ## Summary of User Feedback - Recent Surveys

Several users mentioned difficulty understanding medical terms after the UI update. Many users abandoned health quizzes halfway, citing confusion. Feature
- one usage, our app redesign project focuses on improving accessibility and engagement.

## Project Goals
- Enhance accessibility for users with low literacy
- Increase daily active users by 25%
- Impr
- Analytics Summary - Last Quarter

Post-UI overhaul:
- Drop in user engagement by 15%
- Increased confusion reported in user surveys around medical terms
- Quiz completion rate dropped to 42%
- ## Summary of User Feedback - Recent Surveys

Several users mentioned difficulty understanding medical terms after the UI update. Many users abandoned health quizzes halfway, citing confusion. Feature
- Project Team for HealthLingo App Redesign:
- Designers: 2
- Developers: 3
- Researchers: 1
Project Deadline: 6 weeks from start
- ove health literacy in underserved communities

## Timeline
The redesign project will run for a total of 6 weeks.
- one usage, our app redesign project focuses on improving accessibility and engagement.

## Project Goals
- Enhance accessibility for users with low literacy
- Increase daily active users by 25%
- Impr
- Project Team for HealthLingo App Redesign:
- Designers: 2
- Developers: 3
- Researchers: 1
Project Deadline: 6 weeks from start
- Analytics Summary - Last Quarter

Post-UI overhaul:
- Drop in user engagement by 15%
- Increased confusion reported in user surveys around medical terms
- Quiz completion rate dropped to 42%
- ove health literacy in underserved communities

## Timeline
The redesign project will run for a total of 6 weeks.
- ## Summary of User Feedback - Recent Surveys

Several users mentioned difficulty understanding medical terms after the UI update. Many users abandoned health quizzes halfway, citing confusion. Feature
- one usage, our app redesign project focuses on improving accessibility and engagement.

## Project Goals
- Enhance accessibility for users with low literacy
- Increase daily active users by 25%
- Impr
- Analytics Summary - Last Quarter

Post-UI overhaul:
- Drop in user engagement by 15%
- Increased confusion reported in user surveys around medical terms
- Quiz completion rate dropped to 42%
- ove health literacy in underserved communities

## Timeline
The redesign project will run for a total of 6 weeks.
- Project Team for HealthLingo App Redesign:
- Designers: 2
- Developers: 3
- Researchers: 1
Project Deadline: 6 weeks from start
- # Project Overview: HealthLingo - App Redesign

## Background
HealthLingo aims to provide accessible and easy-to-understand healthcare information for underserved communities. With the rise of smartph
- one usage, our app redesign project focuses on improving accessibility and engagement.

## Project Goals
- Enhance accessibility for users with low literacy
- Increase daily active users by 25%
- Impr
- Project Team for HealthLingo App Redesign:
- Designers: 2
- Developers: 3
- Researchers: 1
Project Deadline: 6 weeks from start
- ## Summary of User Feedback - Recent Surveys

Several users mentioned difficulty understanding medical terms after the UI update. Many users abandoned health quizzes halfway, citing confusion. Feature
- Analytics Summary - Last Quarter

Post-UI overhaul:
- Drop in user engagement by 15%
- Increased confusion reported in user surveys around medical terms
- Quiz completion rate dropped to 42%
- # Project Overview: HealthLingo - App Redesign

## Background
HealthLingo aims to provide accessible and easy-to-understand healthcare information for underserved communities. With the rise of smartph

Recent Issues:
- Analytics Summary - Last Quarter

Post-UI overhaul:
- Drop in user engagement by 15%
- Increased confusion reported in user surveys around medical terms
- Quiz completion rate dropped to 42%
- ## Summary of User Feedback - Recent Surveys

Several users mentioned difficulty understanding medical terms after the UI update. Many users abandoned health quizzes halfway, citing confusion. Feature
- one usage, our app redesign project focuses on improving accessibility and engagement.

## Project Goals
- Enhance accessibility for users with low literacy
- Increase daily active users by 25%
- Impr
- # Project Overview: HealthLingo - App Redesign

## Background
HealthLingo aims to provide accessible and easy-to-understand healthcare information for underserved communities. With the rise of smartph
- ove health literacy in underserved communities

## Timeline
The redesign project will run for a total of 6 weeks.
- one usage, our app redesign project focuses on improving accessibility and engagement.

## Project Goals
- Enhance accessibility for users with low literacy
- Increase daily active users by 25%
- Impr
- ## Summary of User Feedback - Recent Surveys

Several users mentioned difficulty understanding medical terms after the UI update. Many users abandoned health quizzes halfway, citing confusion. Feature
- Analytics Summary - Last Quarter

Post-UI overhaul:
- Drop in user engagement by 15%
- Increased confusion reported in user surveys around medical terms
- Quiz completion rate dropped to 42%
- ove health literacy in underserved communities

## Timeline
The redesign project will run for a total of 6 weeks.
- # Project Overview: HealthLingo - App Redesign

## Background
HealthLingo aims to provide accessible and easy-to-understand healthcare information for underserved communities. With the rise of smartph
- ## Summary of User Feedback - Recent Surveys

Several users mentioned difficulty understanding medical terms after the UI update. Many users abandoned health quizzes halfway, citing confusion. Feature
- Analytics Summary - Last Quarter

Post-UI overhaul:
- Drop in user engagement by 15%
- Increased confusion reported in user surveys around medical terms
- Quiz completion rate dropped to 42%
- Project Team for HealthLingo App Redesign:
- Designers: 2
- Developers: 3
- Researchers: 1
Project Deadline: 6 weeks from start
- one usage, our app redesign project focuses on improving accessibility and engagement.

## Project Goals
- Enhance accessibility for users with low literacy
- Increase daily active users by 25%
- Impr
- ove health literacy in underserved communities

## Timeline
The redesign project will run for a total of 6 weeks.
- one usage, our app redesign project focuses on improving accessibility and engagement.

## Project Goals
- Enhance accessibility for users with low literacy
- Increase daily active users by 25%
- Impr
- ## Summary of User Feedback - Recent Surveys

Several users mentioned difficulty understanding medical terms after the UI update. Many users abandoned health quizzes halfway, citing confusion. Feature
- Analytics Summary - Last Quarter

Post-UI overhaul:
- Drop in user engagement by 15%
- Increased confusion reported in user surveys around medical terms
- Quiz completion rate dropped to 42%
- # Project Overview: HealthLingo - App Redesign

## Background
HealthLingo aims to provide accessible and easy-to-understand healthcare information for underserved communities. With the rise of smartph
- Project Team for HealthLingo App Redesign:
- Designers: 2
- Developers: 3
- Researchers: 1
Project Deadline: 6 weeks from start
- one usage, our app redesign project focuses on improving accessibility and engagement.

## Project Goals
- Enhance accessibility for users with low literacy
- Increase daily active users by 25%
- Impr
- ## Summary of User Feedback - Recent Surveys

Several users mentioned difficulty understanding medical terms after the UI update. Many users abandoned health quizzes halfway, citing confusion. Feature
- Analytics Summary - Last Quarter

Post-UI overhaul:
- Drop in user engagement by 15%
- Increased confusion reported in user surveys around medical terms
- Quiz completion rate dropped to 42%
- ove health literacy in underserved communities

## Timeline
The redesign project will run for a total of 6 weeks.
- Project Team for HealthLingo App Redesign:
- Designers: 2
- Developers: 3
- Researchers: 1
Project Deadline: 6 weeks from start

Prior Successes:
- Analytics Summary - Last Quarter

Post-UI overhaul:
- Drop in user engagement by 15%
- Increased confusion reported in user surveys around medical terms
- Quiz completion rate dropped to 42%
- ## Summary of User Feedback - Recent Surveys

Several users mentioned difficulty understanding medical terms after the UI update. Many users abandoned health quizzes halfway, citing confusion. Feature
- one usage, our app redesign project focuses on improving accessibility and engagement.

## Project Goals
- Enhance accessibility for users with low literacy
- Increase daily active users by 25%
- Impr
- ove health literacy in underserved communities

## Timeline
The redesign project will run for a total of 6 weeks.
- # Project Overview: HealthLingo - App Redesign

## Background
HealthLingo aims to provide accessible and easy-to-understand healthcare information for underserved communities. With the rise of smartph
- Analytics Summary - Last Quarter

Post-UI overhaul:
- Drop in user engagement by 15%
- Increased confusion reported in user surveys around medical terms
- Quiz completion rate dropped to 42%
- ## Summary of User Feedback - Recent Surveys

Several users mentioned difficulty understanding medical terms after the UI update. Many users abandoned health quizzes halfway, citing confusion. Feature
- ove health literacy in underserved communities

## Timeline
The redesign project will run for a total of 6 weeks.
- # Project Overview: HealthLingo - App Redesign

## Background
HealthLingo aims to provide accessible and easy-to-understand healthcare information for underserved communities. With the rise of smartph
- one usage, our app redesign project focuses on improving accessibility and engagement.

## Project Goals
- Enhance accessibility for users with low literacy
- Increase daily active users by 25%
- Impr
- Analytics Summary - Last Quarter

Post-UI overhaul:
- Drop in user engagement by 15%
- Increased confusion reported in user surveys around medical terms
- Quiz completion rate dropped to 42%
- one usage, our app redesign project focuses on improving accessibility and engagement.

## Project Goals
- Enhance accessibility for users with low literacy
- Increase daily active users by 25%
- Impr
- ## Summary of User Feedback - Recent Surveys

Several users mentioned difficulty understanding medical terms after the UI update. Many users abandoned health quizzes halfway, citing confusion. Feature
- ove health literacy in underserved communities

## Timeline
The redesign project will run for a total of 6 weeks.
- # Project Overview: HealthLingo - App Redesign

## Background
HealthLingo aims to provide accessible and easy-to-understand healthcare information for underserved communities. With the rise of smartph
- one usage, our app redesign project focuses on improving accessibility and engagement.

## Project Goals
- Enhance accessibility for users with low literacy
- Increase daily active users by 25%
- Impr
- Analytics Summary - Last Quarter

Post-UI overhaul:
- Drop in user engagement by 15%
- Increased confusion reported in user surveys around medical terms
- Quiz completion rate dropped to 42%
- Project Team for HealthLingo App Redesign:
- Designers: 2
- Developers: 3
- Researchers: 1
Project Deadline: 6 weeks from start
- ## Summary of User Feedback - Recent Surveys

Several users mentioned difficulty understanding medical terms after the UI update. Many users abandoned health quizzes halfway, citing confusion. Feature
- ove health literacy in underserved communities

## Timeline
The redesign project will run for a total of 6 weeks.
- Analytics Summary - Last Quarter

Post-UI overhaul:
- Drop in user engagement by 15%
- Increased confusion reported in user surveys around medical terms
- Quiz completion rate dropped to 42%
- ## Summary of User Feedback - Recent Surveys

Several users mentioned difficulty understanding medical terms after the UI update. Many users abandoned health quizzes halfway, citing confusion. Feature
- one usage, our app redesign project focuses on improving accessibility and engagement.

## Project Goals
- Enhance accessibility for users with low literacy
- Increase daily active users by 25%
- Impr
- ove health literacy in underserved communities

## Timeline
The redesign project will run for a total of 6 weeks.
- # Project Overview: HealthLingo - App Redesign

## Background
HealthLingo aims to provide accessible and easy-to-understand healthcare information for underserved communities. With the rise of smartph

The PM is facing this decision:
""Should we release our new accessibility feature quickly or delay it slightly to conduct thorough user testing?""

Use the following structure to explain your reasoning:

1. **Situation Overview**: Summarize the strategic decision and context.
2. **Strategic Options**: List the available options or paths.
3. **Impact Assessment**: Analyze short-term and long-term impact of each option.
4. **Lessons from Past**: Reflect on past experiences or outcomes that relate.
5. **Recommended Action**: Suggest the most strategic option.
6. **Why This is the Best Option**: Justify your recommendation with alignment to project/business goals.
7. **Confidence Score (1–10)**: Indicate how confident you are and explain any assumptions or uncertainties.
","Error: 401 - {""error"":{""message"":""Invalid API Key"",""type"":""invalid_request_error"",""code"":""invalid_api_key""}}",
2025-05-14 10:02:36,Health Lingo,Should we release our new accessibility feature quickly or delay it slightly to conduct thorough user testing?,"
You are an expert strategic decision advisor for project managers.
Here is the project context:

Project: Health Lingo

Company Goals:
- one usage, our app redesign project focuses on improving accessibility and engagement.

## Project Goals
- Enhance accessibility for users with low literacy
- Increase daily active users by 25%
- Impr
- Project Team for HealthLingo App Redesign:
- Designers: 2
- Developers: 3
- Researchers: 1
Project Deadline: 6 weeks from start
- Analytics Summary - Last Quarter

Post-UI overhaul:
- Drop in user engagement by 15%
- Increased confusion reported in user surveys around medical terms
- Quiz completion rate dropped to 42%
- ove health literacy in underserved communities

## Timeline
The redesign project will run for a total of 6 weeks.
- ## Summary of User Feedback - Recent Surveys

Several users mentioned difficulty understanding medical terms after the UI update. Many users abandoned health quizzes halfway, citing confusion. Feature
- one usage, our app redesign project focuses on improving accessibility and engagement.

## Project Goals
- Enhance accessibility for users with low literacy
- Increase daily active users by 25%
- Impr
- Analytics Summary - Last Quarter

Post-UI overhaul:
- Drop in user engagement by 15%
- Increased confusion reported in user surveys around medical terms
- Quiz completion rate dropped to 42%
- ## Summary of User Feedback - Recent Surveys

Several users mentioned difficulty understanding medical terms after the UI update. Many users abandoned health quizzes halfway, citing confusion. Feature
- Project Team for HealthLingo App Redesign:
- Designers: 2
- Developers: 3
- Researchers: 1
Project Deadline: 6 weeks from start
- ove health literacy in underserved communities

## Timeline
The redesign project will run for a total of 6 weeks.
- one usage, our app redesign project focuses on improving accessibility and engagement.

## Project Goals
- Enhance accessibility for users with low literacy
- Increase daily active users by 25%
- Impr
- Project Team for HealthLingo App Redesign:
- Designers: 2
- Developers: 3
- Researchers: 1
Project Deadline: 6 weeks from start
- Analytics Summary - Last Quarter

Post-UI overhaul:
- Drop in user engagement by 15%
- Increased confusion reported in user surveys around medical terms
- Quiz completion rate dropped to 42%
- ove health literacy in underserved communities

## Timeline
The redesign project will run for a total of 6 weeks.
- ## Summary of User Feedback - Recent Surveys

Several users mentioned difficulty understanding medical terms after the UI update. Many users abandoned health quizzes halfway, citing confusion. Feature
- one usage, our app redesign project focuses on improving accessibility and engagement.

## Project Goals
- Enhance accessibility for users with low literacy
- Increase daily active users by 25%
- Impr
- Analytics Summary - Last Quarter

Post-UI overhaul:
- Drop in user engagement by 15%
- Increased confusion reported in user surveys around medical terms
- Quiz completion rate dropped to 42%
- ove health literacy in underserved communities

## Timeline
The redesign project will run for a total of 6 weeks.
- Project Team for HealthLingo App Redesign:
- Designers: 2
- Developers: 3
- Researchers: 1
Project Deadline: 6 weeks from start
- # Project Overview: HealthLingo - App Redesign

## Background
HealthLingo aims to provide accessible and easy-to-understand healthcare information for underserved communities. With the rise of smartph
- one usage, our app redesign project focuses on improving accessibility and engagement.

## Project Goals
- Enhance accessibility for users with low literacy
- Increase daily active users by 25%
- Impr
- Project Team for HealthLingo App Redesign:
- Designers: 2
- Developers: 3
- Researchers: 1
Project Deadline: 6 weeks from start
- ## Summary of User Feedback - Recent Surveys

Several users mentioned difficulty understanding medical terms after the UI update. Many users abandoned health quizzes halfway, citing confusion. Feature
- Analytics Summary - Last Quarter

Post-UI overhaul:
- Drop in user engagement by 15%
- Increased confusion reported in user surveys around medical terms
- Quiz completion rate dropped to 42%
- # Project Overview: HealthLingo - App Redesign

## Background
HealthLingo aims to provide accessible and easy-to-understand healthcare information for underserved communities. With the rise of smartph

Recent Issues:
- Analytics Summary - Last Quarter

Post-UI overhaul:
- Drop in user engagement by 15%
- Increased confusion reported in user surveys around medical terms
- Quiz completion rate dropped to 42%
- ## Summary of User Feedback - Recent Surveys

Several users mentioned difficulty understanding medical terms after the UI update. Many users abandoned health quizzes halfway, citing confusion. Feature
- one usage, our app redesign project focuses on improving accessibility and engagement.

## Project Goals
- Enhance accessibility for users with low literacy
- Increase daily active users by 25%
- Impr
- # Project Overview: HealthLingo - App Redesign

## Background
HealthLingo aims to provide accessible and easy-to-understand healthcare information for underserved communities. With the rise of smartph
- ove health literacy in underserved communities

## Timeline
The redesign project will run for a total of 6 weeks.
- one usage, our app redesign project focuses on improving accessibility and engagement.

## Project Goals
- Enhance accessibility for users with low literacy
- Increase daily active users by 25%
- Impr
- ## Summary of User Feedback - Recent Surveys

Several users mentioned difficulty understanding medical terms after the UI update. Many users abandoned health quizzes halfway, citing confusion. Feature
- Analytics Summary - Last Quarter

Post-UI overhaul:
- Drop in user engagement by 15%
- Increased confusion reported in user surveys around medical terms
- Quiz completion rate dropped to 42%
- ove health literacy in underserved communities

## Timeline
The redesign project will run for a total of 6 weeks.
- # Project Overview: HealthLingo - App Redesign

## Background
HealthLingo aims to provide accessible and easy-to-understand healthcare information for underserved communities. With the rise of smartph
- ## Summary of User Feedback - Recent Surveys

Several users mentioned difficulty understanding medical terms after the UI update. Many users abandoned health quizzes halfway, citing confusion. Feature
- Analytics Summary - Last Quarter

Post-UI overhaul:
- Drop in user engagement by 15%
- Increased confusion reported in user surveys around medical terms
- Quiz completion rate dropped to 42%
- Project Team for HealthLingo App Redesign:
- Designers: 2
- Developers: 3
- Researchers: 1
Project Deadline: 6 weeks from start
- one usage, our app redesign project focuses on improving accessibility and engagement.

## Project Goals
- Enhance accessibility for users with low literacy
- Increase daily active users by 25%
- Impr
- ove health literacy in underserved communities

## Timeline
The redesign project will run for a total of 6 weeks.
- one usage, our app redesign project focuses on improving accessibility and engagement.

## Project Goals
- Enhance accessibility for users with low literacy
- Increase daily active users by 25%
- Impr
- ## Summary of User Feedback - Recent Surveys

Several users mentioned difficulty understanding medical terms after the UI update. Many users abandoned health quizzes halfway, citing confusion. Feature
- Analytics Summary - Last Quarter

Post-UI overhaul:
- Drop in user engagement by 15%
- Increased confusion reported in user surveys around medical terms
- Quiz completion rate dropped to 42%
- # Project Overview: HealthLingo - App Redesign

## Background
HealthLingo aims to provide accessible and easy-to-understand healthcare information for underserved communities. With the rise of smartph
- Project Team for HealthLingo App Redesign:
- Designers: 2
- Developers: 3
- Researchers: 1
Project Deadline: 6 weeks from start
- one usage, our app redesign project focuses on improving accessibility and engagement.

## Project Goals
- Enhance accessibility for users with low literacy
- Increase daily active users by 25%
- Impr
- ## Summary of User Feedback - Recent Surveys

Several users mentioned difficulty understanding medical terms after the UI update. Many users abandoned health quizzes halfway, citing confusion. Feature
- Analytics Summary - Last Quarter

Post-UI overhaul:
- Drop in user engagement by 15%
- Increased confusion reported in user surveys around medical terms
- Quiz completion rate dropped to 42%
- ove health literacy in underserved communities

## Timeline
The redesign project will run for a total of 6 weeks.
- Project Team for HealthLingo App Redesign:
- Designers: 2
- Developers: 3
- Researchers: 1
Project Deadline: 6 weeks from start

Prior Successes:
- Analytics Summary - Last Quarter

Post-UI overhaul:
- Drop in user engagement by 15%
- Increased confusion reported in user surveys around medical terms
- Quiz completion rate dropped to 42%
- ## Summary of User Feedback - Recent Surveys

Several users mentioned difficulty understanding medical terms after the UI update. Many users abandoned health quizzes halfway, citing confusion. Feature
- one usage, our app redesign project focuses on improving accessibility and engagement.

## Project Goals
- Enhance accessibility for users with low literacy
- Increase daily active users by 25%
- Impr
- ove health literacy in underserved communities

## Timeline
The redesign project will run for a total of 6 weeks.
- # Project Overview: HealthLingo - App Redesign

## Background
HealthLingo aims to provide accessible and easy-to-understand healthcare information for underserved communities. With the rise of smartph
- Analytics Summary - Last Quarter

Post-UI overhaul:
- Drop in user engagement by 15%
- Increased confusion reported in user surveys around medical terms
- Quiz completion rate dropped to 42%
- ## Summary of User Feedback - Recent Surveys

Several users mentioned difficulty understanding medical terms after the UI update. Many users abandoned health quizzes halfway, citing confusion. Feature
- ove health literacy in underserved communities

## Timeline
The redesign project will run for a total of 6 weeks.
- # Project Overview: HealthLingo - App Redesign

## Background
HealthLingo aims to provide accessible and easy-to-understand healthcare information for underserved communities. With the rise of smartph
- one usage, our app redesign project focuses on improving accessibility and engagement.

## Project Goals
- Enhance accessibility for users with low literacy
- Increase daily active users by 25%
- Impr
- Analytics Summary - Last Quarter

Post-UI overhaul:
- Drop in user engagement by 15%
- Increased confusion reported in user surveys around medical terms
- Quiz completion rate dropped to 42%
- one usage, our app redesign project focuses on improving accessibility and engagement.

## Project Goals
- Enhance accessibility for users with low literacy
- Increase daily active users by 25%
- Impr
- ## Summary of User Feedback - Recent Surveys

Several users mentioned difficulty understanding medical terms after the UI update. Many users abandoned health quizzes halfway, citing confusion. Feature
- ove health literacy in underserved communities

## Timeline
The redesign project will run for a total of 6 weeks.
- # Project Overview: HealthLingo - App Redesign

## Background
HealthLingo aims to provide accessible and easy-to-understand healthcare information for underserved communities. With the rise of smartph
- one usage, our app redesign project focuses on improving accessibility and engagement.

## Project Goals
- Enhance accessibility for users with low literacy
- Increase daily active users by 25%
- Impr
- Analytics Summary - Last Quarter

Post-UI overhaul:
- Drop in user engagement by 15%
- Increased confusion reported in user surveys around medical terms
- Quiz completion rate dropped to 42%
- Project Team for HealthLingo App Redesign:
- Designers: 2
- Developers: 3
- Researchers: 1
Project Deadline: 6 weeks from start
- ## Summary of User Feedback - Recent Surveys

Several users mentioned difficulty understanding medical terms after the UI update. Many users abandoned health quizzes halfway, citing confusion. Feature
- ove health literacy in underserved communities

## Timeline
The redesign project will run for a total of 6 weeks.
- Analytics Summary - Last Quarter

Post-UI overhaul:
- Drop in user engagement by 15%
- Increased confusion reported in user surveys around medical terms
- Quiz completion rate dropped to 42%
- ## Summary of User Feedback - Recent Surveys

Several users mentioned difficulty understanding medical terms after the UI update. Many users abandoned health quizzes halfway, citing confusion. Feature
- one usage, our app redesign project focuses on improving accessibility and engagement.

## Project Goals
- Enhance accessibility for users with low literacy
- Increase daily active users by 25%
- Impr
- ove health literacy in underserved communities

## Timeline
The redesign project will run for a total of 6 weeks.
- # Project Overview: HealthLingo - App Redesign

## Background
HealthLingo aims to provide accessible and easy-to-understand healthcare information for underserved communities. With the rise of smartph

The PM is facing this decision:
""Should we release our new accessibility feature quickly or delay it slightly to conduct thorough user testing?""

Use the following structure to explain your reasoning:

1. **Situation Overview**: Summarize the strategic decision and context.
2. **Strategic Options**: List the available options or paths.
3. **Impact Assessment**: Analyze short-term and long-term impact of each option.
4. **Lessons from Past**: Reflect on past experiences or outcomes that relate.
5. **Recommended Action**: Suggest the most strategic option.
6. **Why This is the Best Option**: Justify your recommendation with alignment to project/business goals.
7. **Confidence Score (1–10)**: Indicate how confident you are and explain any assumptions or uncertainties.
","Error: 401 - {""error"":{""message"":""Invalid API Key"",""type"":""invalid_request_error"",""code"":""invalid_api_key""}}",
2025-05-14 10:04:21,Health Lingo,Should we release our new accessibility feature quickly or delay it slightly to conduct thorough user testing?,"
You are an expert strategic decision advisor for project managers.
Here is the project context:

Project: Health Lingo

Company Goals:
- one usage, our app redesign project focuses on improving accessibility and engagement.

## Project Goals
- Enhance accessibility for users with low literacy
- Increase daily active users by 25%
- Impr
- Project Team for HealthLingo App Redesign:
- Designers: 2
- Developers: 3
- Researchers: 1
Project Deadline: 6 weeks from start
- Analytics Summary - Last Quarter

Post-UI overhaul:
- Drop in user engagement by 15%
- Increased confusion reported in user surveys around medical terms
- Quiz completion rate dropped to 42%
- ove health literacy in underserved communities

## Timeline
The redesign project will run for a total of 6 weeks.
- ## Summary of User Feedback - Recent Surveys

Several users mentioned difficulty understanding medical terms after the UI update. Many users abandoned health quizzes halfway, citing confusion. Feature
- one usage, our app redesign project focuses on improving accessibility and engagement.

## Project Goals
- Enhance accessibility for users with low literacy
- Increase daily active users by 25%
- Impr
- Analytics Summary - Last Quarter

Post-UI overhaul:
- Drop in user engagement by 15%
- Increased confusion reported in user surveys around medical terms
- Quiz completion rate dropped to 42%
- ## Summary of User Feedback - Recent Surveys

Several users mentioned difficulty understanding medical terms after the UI update. Many users abandoned health quizzes halfway, citing confusion. Feature
- Project Team for HealthLingo App Redesign:
- Designers: 2
- Developers: 3
- Researchers: 1
Project Deadline: 6 weeks from start
- ove health literacy in underserved communities

## Timeline
The redesign project will run for a total of 6 weeks.
- one usage, our app redesign project focuses on improving accessibility and engagement.

## Project Goals
- Enhance accessibility for users with low literacy
- Increase daily active users by 25%
- Impr
- Project Team for HealthLingo App Redesign:
- Designers: 2
- Developers: 3
- Researchers: 1
Project Deadline: 6 weeks from start
- Analytics Summary - Last Quarter

Post-UI overhaul:
- Drop in user engagement by 15%
- Increased confusion reported in user surveys around medical terms
- Quiz completion rate dropped to 42%
- ove health literacy in underserved communities

## Timeline
The redesign project will run for a total of 6 weeks.
- ## Summary of User Feedback - Recent Surveys

Several users mentioned difficulty understanding medical terms after the UI update. Many users abandoned health quizzes halfway, citing confusion. Feature
- one usage, our app redesign project focuses on improving accessibility and engagement.

## Project Goals
- Enhance accessibility for users with low literacy
- Increase daily active users by 25%
- Impr
- Analytics Summary - Last Quarter

Post-UI overhaul:
- Drop in user engagement by 15%
- Increased confusion reported in user surveys around medical terms
- Quiz completion rate dropped to 42%
- ove health literacy in underserved communities

## Timeline
The redesign project will run for a total of 6 weeks.
- Project Team for HealthLingo App Redesign:
- Designers: 2
- Developers: 3
- Researchers: 1
Project Deadline: 6 weeks from start
- # Project Overview: HealthLingo - App Redesign

## Background
HealthLingo aims to provide accessible and easy-to-understand healthcare information for underserved communities. With the rise of smartph
- one usage, our app redesign project focuses on improving accessibility and engagement.

## Project Goals
- Enhance accessibility for users with low literacy
- Increase daily active users by 25%
- Impr
- Project Team for HealthLingo App Redesign:
- Designers: 2
- Developers: 3
- Researchers: 1
Project Deadline: 6 weeks from start
- ## Summary of User Feedback - Recent Surveys

Several users mentioned difficulty understanding medical terms after the UI update. Many users abandoned health quizzes halfway, citing confusion. Feature
- Analytics Summary - Last Quarter

Post-UI overhaul:
- Drop in user engagement by 15%
- Increased confusion reported in user surveys around medical terms
- Quiz completion rate dropped to 42%
- # Project Overview: HealthLingo - App Redesign

## Background
HealthLingo aims to provide accessible and easy-to-understand healthcare information for underserved communities. With the rise of smartph

Recent Issues:
- Analytics Summary - Last Quarter

Post-UI overhaul:
- Drop in user engagement by 15%
- Increased confusion reported in user surveys around medical terms
- Quiz completion rate dropped to 42%
- ## Summary of User Feedback - Recent Surveys

Several users mentioned difficulty understanding medical terms after the UI update. Many users abandoned health quizzes halfway, citing confusion. Feature
- one usage, our app redesign project focuses on improving accessibility and engagement.

## Project Goals
- Enhance accessibility for users with low literacy
- Increase daily active users by 25%
- Impr
- # Project Overview: HealthLingo - App Redesign

## Background
HealthLingo aims to provide accessible and easy-to-understand healthcare information for underserved communities. With the rise of smartph
- ove health literacy in underserved communities

## Timeline
The redesign project will run for a total of 6 weeks.
- one usage, our app redesign project focuses on improving accessibility and engagement.

## Project Goals
- Enhance accessibility for users with low literacy
- Increase daily active users by 25%
- Impr
- ## Summary of User Feedback - Recent Surveys

Several users mentioned difficulty understanding medical terms after the UI update. Many users abandoned health quizzes halfway, citing confusion. Feature
- Analytics Summary - Last Quarter

Post-UI overhaul:
- Drop in user engagement by 15%
- Increased confusion reported in user surveys around medical terms
- Quiz completion rate dropped to 42%
- ove health literacy in underserved communities

## Timeline
The redesign project will run for a total of 6 weeks.
- # Project Overview: HealthLingo - App Redesign

## Background
HealthLingo aims to provide accessible and easy-to-understand healthcare information for underserved communities. With the rise of smartph
- ## Summary of User Feedback - Recent Surveys

Several users mentioned difficulty understanding medical terms after the UI update. Many users abandoned health quizzes halfway, citing confusion. Feature
- Analytics Summary - Last Quarter

Post-UI overhaul:
- Drop in user engagement by 15%
- Increased confusion reported in user surveys around medical terms
- Quiz completion rate dropped to 42%
- Project Team for HealthLingo App Redesign:
- Designers: 2
- Developers: 3
- Researchers: 1
Project Deadline: 6 weeks from start
- one usage, our app redesign project focuses on improving accessibility and engagement.

## Project Goals
- Enhance accessibility for users with low literacy
- Increase daily active users by 25%
- Impr
- ove health literacy in underserved communities

## Timeline
The redesign project will run for a total of 6 weeks.
- one usage, our app redesign project focuses on improving accessibility and engagement.

## Project Goals
- Enhance accessibility for users with low literacy
- Increase daily active users by 25%
- Impr
- ## Summary of User Feedback - Recent Surveys

Several users mentioned difficulty understanding medical terms after the UI update. Many users abandoned health quizzes halfway, citing confusion. Feature
- Analytics Summary - Last Quarter

Post-UI overhaul:
- Drop in user engagement by 15%
- Increased confusion reported in user surveys around medical terms
- Quiz completion rate dropped to 42%
- # Project Overview: HealthLingo - App Redesign

## Background
HealthLingo aims to provide accessible and easy-to-understand healthcare information for underserved communities. With the rise of smartph
- Project Team for HealthLingo App Redesign:
- Designers: 2
- Developers: 3
- Researchers: 1
Project Deadline: 6 weeks from start
- one usage, our app redesign project focuses on improving accessibility and engagement.

## Project Goals
- Enhance accessibility for users with low literacy
- Increase daily active users by 25%
- Impr
- ## Summary of User Feedback - Recent Surveys

Several users mentioned difficulty understanding medical terms after the UI update. Many users abandoned health quizzes halfway, citing confusion. Feature
- Analytics Summary - Last Quarter

Post-UI overhaul:
- Drop in user engagement by 15%
- Increased confusion reported in user surveys around medical terms
- Quiz completion rate dropped to 42%
- ove health literacy in underserved communities

## Timeline
The redesign project will run for a total of 6 weeks.
- Project Team for HealthLingo App Redesign:
- Designers: 2
- Developers: 3
- Researchers: 1
Project Deadline: 6 weeks from start

Prior Successes:
- Analytics Summary - Last Quarter

Post-UI overhaul:
- Drop in user engagement by 15%
- Increased confusion reported in user surveys around medical terms
- Quiz completion rate dropped to 42%
- ## Summary of User Feedback - Recent Surveys

Several users mentioned difficulty understanding medical terms after the UI update. Many users abandoned health quizzes halfway, citing confusion. Feature
- one usage, our app redesign project focuses on improving accessibility and engagement.

## Project Goals
- Enhance accessibility for users with low literacy
- Increase daily active users by 25%
- Impr
- ove health literacy in underserved communities

## Timeline
The redesign project will run for a total of 6 weeks.
- # Project Overview: HealthLingo - App Redesign

## Background
HealthLingo aims to provide accessible and easy-to-understand healthcare information for underserved communities. With the rise of smartph
- Analytics Summary - Last Quarter

Post-UI overhaul:
- Drop in user engagement by 15%
- Increased confusion reported in user surveys around medical terms
- Quiz completion rate dropped to 42%
- ## Summary of User Feedback - Recent Surveys

Several users mentioned difficulty understanding medical terms after the UI update. Many users abandoned health quizzes halfway, citing confusion. Feature
- ove health literacy in underserved communities

## Timeline
The redesign project will run for a total of 6 weeks.
- # Project Overview: HealthLingo - App Redesign

## Background
HealthLingo aims to provide accessible and easy-to-understand healthcare information for underserved communities. With the rise of smartph
- one usage, our app redesign project focuses on improving accessibility and engagement.

## Project Goals
- Enhance accessibility for users with low literacy
- Increase daily active users by 25%
- Impr
- Analytics Summary - Last Quarter

Post-UI overhaul:
- Drop in user engagement by 15%
- Increased confusion reported in user surveys around medical terms
- Quiz completion rate dropped to 42%
- one usage, our app redesign project focuses on improving accessibility and engagement.

## Project Goals
- Enhance accessibility for users with low literacy
- Increase daily active users by 25%
- Impr
- ## Summary of User Feedback - Recent Surveys

Several users mentioned difficulty understanding medical terms after the UI update. Many users abandoned health quizzes halfway, citing confusion. Feature
- ove health literacy in underserved communities

## Timeline
The redesign project will run for a total of 6 weeks.
- # Project Overview: HealthLingo - App Redesign

## Background
HealthLingo aims to provide accessible and easy-to-understand healthcare information for underserved communities. With the rise of smartph
- one usage, our app redesign project focuses on improving accessibility and engagement.

## Project Goals
- Enhance accessibility for users with low literacy
- Increase daily active users by 25%
- Impr
- Analytics Summary - Last Quarter

Post-UI overhaul:
- Drop in user engagement by 15%
- Increased confusion reported in user surveys around medical terms
- Quiz completion rate dropped to 42%
- Project Team for HealthLingo App Redesign:
- Designers: 2
- Developers: 3
- Researchers: 1
Project Deadline: 6 weeks from start
- ## Summary of User Feedback - Recent Surveys

Several users mentioned difficulty understanding medical terms after the UI update. Many users abandoned health quizzes halfway, citing confusion. Feature
- ove health literacy in underserved communities

## Timeline
The redesign project will run for a total of 6 weeks.
- Analytics Summary - Last Quarter

Post-UI overhaul:
- Drop in user engagement by 15%
- Increased confusion reported in user surveys around medical terms
- Quiz completion rate dropped to 42%
- ## Summary of User Feedback - Recent Surveys

Several users mentioned difficulty understanding medical terms after the UI update. Many users abandoned health quizzes halfway, citing confusion. Feature
- one usage, our app redesign project focuses on improving accessibility and engagement.

## Project Goals
- Enhance accessibility for users with low literacy
- Increase daily active users by 25%
- Impr
- ove health literacy in underserved communities

## Timeline
The redesign project will run for a total of 6 weeks.
- # Project Overview: HealthLingo - App Redesign

## Background
HealthLingo aims to provide accessible and easy-to-understand healthcare information for underserved communities. With the rise of smartph

The PM is facing this decision:
""Should we release our new accessibility feature quickly or delay it slightly to conduct thorough user testing?""

Use the following structure to explain your reasoning:

1. **Situation Overview**: Summarize the strategic decision and context.
2. **Strategic Options**: List the available options or paths.
3. **Impact Assessment**: Analyze short-term and long-term impact of each option.
4. **Lessons from Past**: Reflect on past experiences or outcomes that relate.
5. **Recommended Action**: Suggest the most strategic option.
6. **Why This is the Best Option**: Justify your recommendation with alignment to project/business goals.
7. **Confidence Score (1–10)**: Indicate how confident you are and explain any assumptions or uncertainties.
","Error: 401 - {""error"":{""message"":""Invalid API Key"",""type"":""invalid_request_error"",""code"":""invalid_api_key""}}",
2025-05-14 10:06:21,HealthLingo,Should we release our new accessibility feature quickly or delay it slightly to conduct thorough user testing?,"
You are an expert strategic decision advisor for project managers.
Here is the project context:

Project: HealthLingo

Company Goals:
- one usage, our app redesign project focuses on improving accessibility and engagement.

## Project Goals
- Enhance accessibility for users with low literacy
- Increase daily active users by 25%
- Impr
- Project Team for HealthLingo App Redesign:
- Designers: 2
- Developers: 3
- Researchers: 1
Project Deadline: 6 weeks from start
- Analytics Summary - Last Quarter

Post-UI overhaul:
- Drop in user engagement by 15%
- Increased confusion reported in user surveys around medical terms
- Quiz completion rate dropped to 42%
- ove health literacy in underserved communities

## Timeline
The redesign project will run for a total of 6 weeks.
- ## Summary of User Feedback - Recent Surveys

Several users mentioned difficulty understanding medical terms after the UI update. Many users abandoned health quizzes halfway, citing confusion. Feature
- one usage, our app redesign project focuses on improving accessibility and engagement.

## Project Goals
- Enhance accessibility for users with low literacy
- Increase daily active users by 25%
- Impr
- Analytics Summary - Last Quarter

Post-UI overhaul:
- Drop in user engagement by 15%
- Increased confusion reported in user surveys around medical terms
- Quiz completion rate dropped to 42%
- ## Summary of User Feedback - Recent Surveys

Several users mentioned difficulty understanding medical terms after the UI update. Many users abandoned health quizzes halfway, citing confusion. Feature
- Project Team for HealthLingo App Redesign:
- Designers: 2
- Developers: 3
- Researchers: 1
Project Deadline: 6 weeks from start
- ove health literacy in underserved communities

## Timeline
The redesign project will run for a total of 6 weeks.
- one usage, our app redesign project focuses on improving accessibility and engagement.

## Project Goals
- Enhance accessibility for users with low literacy
- Increase daily active users by 25%
- Impr
- Project Team for HealthLingo App Redesign:
- Designers: 2
- Developers: 3
- Researchers: 1
Project Deadline: 6 weeks from start
- Analytics Summary - Last Quarter

Post-UI overhaul:
- Drop in user engagement by 15%
- Increased confusion reported in user surveys around medical terms
- Quiz completion rate dropped to 42%
- ove health literacy in underserved communities

## Timeline
The redesign project will run for a total of 6 weeks.
- ## Summary of User Feedback - Recent Surveys

Several users mentioned difficulty understanding medical terms after the UI update. Many users abandoned health quizzes halfway, citing confusion. Feature
- one usage, our app redesign project focuses on improving accessibility and engagement.

## Project Goals
- Enhance accessibility for users with low literacy
- Increase daily active users by 25%
- Impr
- Analytics Summary - Last Quarter

Post-UI overhaul:
- Drop in user engagement by 15%
- Increased confusion reported in user surveys around medical terms
- Quiz completion rate dropped to 42%
- ove health literacy in underserved communities

## Timeline
The redesign project will run for a total of 6 weeks.
- Project Team for HealthLingo App Redesign:
- Designers: 2
- Developers: 3
- Researchers: 1
Project Deadline: 6 weeks from start
- # Project Overview: HealthLingo - App Redesign

## Background
HealthLingo aims to provide accessible and easy-to-understand healthcare information for underserved communities. With the rise of smartph
- one usage, our app redesign project focuses on improving accessibility and engagement.

## Project Goals
- Enhance accessibility for users with low literacy
- Increase daily active users by 25%
- Impr
- Project Team for HealthLingo App Redesign:
- Designers: 2
- Developers: 3
- Researchers: 1
Project Deadline: 6 weeks from start
- ## Summary of User Feedback - Recent Surveys

Several users mentioned difficulty understanding medical terms after the UI update. Many users abandoned health quizzes halfway, citing confusion. Feature
- Analytics Summary - Last Quarter

Post-UI overhaul:
- Drop in user engagement by 15%
- Increased confusion reported in user surveys around medical terms
- Quiz completion rate dropped to 42%
- # Project Overview: HealthLingo - App Redesign

## Background
HealthLingo aims to provide accessible and easy-to-understand healthcare information for underserved communities. With the rise of smartph

Recent Issues:
- Analytics Summary - Last Quarter

Post-UI overhaul:
- Drop in user engagement by 15%
- Increased confusion reported in user surveys around medical terms
- Quiz completion rate dropped to 42%
- ## Summary of User Feedback - Recent Surveys

Several users mentioned difficulty understanding medical terms after the UI update. Many users abandoned health quizzes halfway, citing confusion. Feature
- one usage, our app redesign project focuses on improving accessibility and engagement.

## Project Goals
- Enhance accessibility for users with low literacy
- Increase daily active users by 25%
- Impr
- # Project Overview: HealthLingo - App Redesign

## Background
HealthLingo aims to provide accessible and easy-to-understand healthcare information for underserved communities. With the rise of smartph
- ove health literacy in underserved communities

## Timeline
The redesign project will run for a total of 6 weeks.
- one usage, our app redesign project focuses on improving accessibility and engagement.

## Project Goals
- Enhance accessibility for users with low literacy
- Increase daily active users by 25%
- Impr
- ## Summary of User Feedback - Recent Surveys

Several users mentioned difficulty understanding medical terms after the UI update. Many users abandoned health quizzes halfway, citing confusion. Feature
- Analytics Summary - Last Quarter

Post-UI overhaul:
- Drop in user engagement by 15%
- Increased confusion reported in user surveys around medical terms
- Quiz completion rate dropped to 42%
- ove health literacy in underserved communities

## Timeline
The redesign project will run for a total of 6 weeks.
- # Project Overview: HealthLingo - App Redesign

## Background
HealthLingo aims to provide accessible and easy-to-understand healthcare information for underserved communities. With the rise of smartph
- ## Summary of User Feedback - Recent Surveys

Several users mentioned difficulty understanding medical terms after the UI update. Many users abandoned health quizzes halfway, citing confusion. Feature
- Analytics Summary - Last Quarter

Post-UI overhaul:
- Drop in user engagement by 15%
- Increased confusion reported in user surveys around medical terms
- Quiz completion rate dropped to 42%
- Project Team for HealthLingo App Redesign:
- Designers: 2
- Developers: 3
- Researchers: 1
Project Deadline: 6 weeks from start
- one usage, our app redesign project focuses on improving accessibility and engagement.

## Project Goals
- Enhance accessibility for users with low literacy
- Increase daily active users by 25%
- Impr
- ove health literacy in underserved communities

## Timeline
The redesign project will run for a total of 6 weeks.
- one usage, our app redesign project focuses on improving accessibility and engagement.

## Project Goals
- Enhance accessibility for users with low literacy
- Increase daily active users by 25%
- Impr
- ## Summary of User Feedback - Recent Surveys

Several users mentioned difficulty understanding medical terms after the UI update. Many users abandoned health quizzes halfway, citing confusion. Feature
- Analytics Summary - Last Quarter

Post-UI overhaul:
- Drop in user engagement by 15%
- Increased confusion reported in user surveys around medical terms
- Quiz completion rate dropped to 42%
- # Project Overview: HealthLingo - App Redesign

## Background
HealthLingo aims to provide accessible and easy-to-understand healthcare information for underserved communities. With the rise of smartph
- Project Team for HealthLingo App Redesign:
- Designers: 2
- Developers: 3
- Researchers: 1
Project Deadline: 6 weeks from start
- one usage, our app redesign project focuses on improving accessibility and engagement.

## Project Goals
- Enhance accessibility for users with low literacy
- Increase daily active users by 25%
- Impr
- ## Summary of User Feedback - Recent Surveys

Several users mentioned difficulty understanding medical terms after the UI update. Many users abandoned health quizzes halfway, citing confusion. Feature
- Analytics Summary - Last Quarter

Post-UI overhaul:
- Drop in user engagement by 15%
- Increased confusion reported in user surveys around medical terms
- Quiz completion rate dropped to 42%
- ove health literacy in underserved communities

## Timeline
The redesign project will run for a total of 6 weeks.
- Project Team for HealthLingo App Redesign:
- Designers: 2
- Developers: 3
- Researchers: 1
Project Deadline: 6 weeks from start

Prior Successes:
- Analytics Summary - Last Quarter

Post-UI overhaul:
- Drop in user engagement by 15%
- Increased confusion reported in user surveys around medical terms
- Quiz completion rate dropped to 42%
- ## Summary of User Feedback - Recent Surveys

Several users mentioned difficulty understanding medical terms after the UI update. Many users abandoned health quizzes halfway, citing confusion. Feature
- one usage, our app redesign project focuses on improving accessibility and engagement.

## Project Goals
- Enhance accessibility for users with low literacy
- Increase daily active users by 25%
- Impr
- ove health literacy in underserved communities

## Timeline
The redesign project will run for a total of 6 weeks.
- # Project Overview: HealthLingo - App Redesign

## Background
HealthLingo aims to provide accessible and easy-to-understand healthcare information for underserved communities. With the rise of smartph
- Analytics Summary - Last Quarter

Post-UI overhaul:
- Drop in user engagement by 15%
- Increased confusion reported in user surveys around medical terms
- Quiz completion rate dropped to 42%
- ## Summary of User Feedback - Recent Surveys

Several users mentioned difficulty understanding medical terms after the UI update. Many users abandoned health quizzes halfway, citing confusion. Feature
- ove health literacy in underserved communities

## Timeline
The redesign project will run for a total of 6 weeks.
- # Project Overview: HealthLingo - App Redesign

## Background
HealthLingo aims to provide accessible and easy-to-understand healthcare information for underserved communities. With the rise of smartph
- one usage, our app redesign project focuses on improving accessibility and engagement.

## Project Goals
- Enhance accessibility for users with low literacy
- Increase daily active users by 25%
- Impr
- Analytics Summary - Last Quarter

Post-UI overhaul:
- Drop in user engagement by 15%
- Increased confusion reported in user surveys around medical terms
- Quiz completion rate dropped to 42%
- one usage, our app redesign project focuses on improving accessibility and engagement.

## Project Goals
- Enhance accessibility for users with low literacy
- Increase daily active users by 25%
- Impr
- ## Summary of User Feedback - Recent Surveys

Several users mentioned difficulty understanding medical terms after the UI update. Many users abandoned health quizzes halfway, citing confusion. Feature
- ove health literacy in underserved communities

## Timeline
The redesign project will run for a total of 6 weeks.
- # Project Overview: HealthLingo - App Redesign

## Background
HealthLingo aims to provide accessible and easy-to-understand healthcare information for underserved communities. With the rise of smartph
- one usage, our app redesign project focuses on improving accessibility and engagement.

## Project Goals
- Enhance accessibility for users with low literacy
- Increase daily active users by 25%
- Impr
- Analytics Summary - Last Quarter

Post-UI overhaul:
- Drop in user engagement by 15%
- Increased confusion reported in user surveys around medical terms
- Quiz completion rate dropped to 42%
- Project Team for HealthLingo App Redesign:
- Designers: 2
- Developers: 3
- Researchers: 1
Project Deadline: 6 weeks from start
- ## Summary of User Feedback - Recent Surveys

Several users mentioned difficulty understanding medical terms after the UI update. Many users abandoned health quizzes halfway, citing confusion. Feature
- ove health literacy in underserved communities

## Timeline
The redesign project will run for a total of 6 weeks.
- Analytics Summary - Last Quarter

Post-UI overhaul:
- Drop in user engagement by 15%
- Increased confusion reported in user surveys around medical terms
- Quiz completion rate dropped to 42%
- ## Summary of User Feedback - Recent Surveys

Several users mentioned difficulty understanding medical terms after the UI update. Many users abandoned health quizzes halfway, citing confusion. Feature
- one usage, our app redesign project focuses on improving accessibility and engagement.

## Project Goals
- Enhance accessibility for users with low literacy
- Increase daily active users by 25%
- Impr
- ove health literacy in underserved communities

## Timeline
The redesign project will run for a total of 6 weeks.
- # Project Overview: HealthLingo - App Redesign

## Background
HealthLingo aims to provide accessible and easy-to-understand healthcare information for underserved communities. With the rise of smartph

The PM is facing this decision:
""Should we release our new accessibility feature quickly or delay it slightly to conduct thorough user testing?""

Use the following structure to explain your reasoning:

1. **Situation Overview**: Summarize the strategic decision and context.
2. **Strategic Options**: List the available options or paths.
3. **Impact Assessment**: Analyze short-term and long-term impact of each option.
4. **Lessons from Past**: Reflect on past experiences or outcomes that relate.
5. **Recommended Action**: Suggest the most strategic option.
6. **Why This is the Best Option**: Justify your recommendation with alignment to project/business goals.
7. **Confidence Score (1–10)**: Indicate how confident you are and explain any assumptions or uncertainties.
","Error: 401 - {""error"":{""message"":""Invalid API Key"",""type"":""invalid_request_error"",""code"":""invalid_api_key""}}",
2025-05-14 10:14:28,HealthLingo,Should we release our new accessibility feature quickly or delay it slightly to conduct thorough user testing?,"
You are an expert strategic decision advisor for project managers.
Here is the project context:

Project: HealthLingo

Company Goals:
- one usage, our app redesign project focuses on improving accessibility and engagement.

## Project Goals
- Enhance accessibility for users with low literacy
- Increase daily active users by 25%
- Impr
- Project Team for HealthLingo App Redesign:
- Designers: 2
- Developers: 3
- Researchers: 1
Project Deadline: 6 weeks from start
- Analytics Summary - Last Quarter

Post-UI overhaul:
- Drop in user engagement by 15%
- Increased confusion reported in user surveys around medical terms
- Quiz completion rate dropped to 42%
- ove health literacy in underserved communities

## Timeline
The redesign project will run for a total of 6 weeks.
- ## Summary of User Feedback - Recent Surveys

Several users mentioned difficulty understanding medical terms after the UI update. Many users abandoned health quizzes halfway, citing confusion. Feature
- one usage, our app redesign project focuses on improving accessibility and engagement.

## Project Goals
- Enhance accessibility for users with low literacy
- Increase daily active users by 25%
- Impr
- Analytics Summary - Last Quarter

Post-UI overhaul:
- Drop in user engagement by 15%
- Increased confusion reported in user surveys around medical terms
- Quiz completion rate dropped to 42%
- ## Summary of User Feedback - Recent Surveys

Several users mentioned difficulty understanding medical terms after the UI update. Many users abandoned health quizzes halfway, citing confusion. Feature
- Project Team for HealthLingo App Redesign:
- Designers: 2
- Developers: 3
- Researchers: 1
Project Deadline: 6 weeks from start
- ove health literacy in underserved communities

## Timeline
The redesign project will run for a total of 6 weeks.
- one usage, our app redesign project focuses on improving accessibility and engagement.

## Project Goals
- Enhance accessibility for users with low literacy
- Increase daily active users by 25%
- Impr
- Project Team for HealthLingo App Redesign:
- Designers: 2
- Developers: 3
- Researchers: 1
Project Deadline: 6 weeks from start
- Analytics Summary - Last Quarter

Post-UI overhaul:
- Drop in user engagement by 15%
- Increased confusion reported in user surveys around medical terms
- Quiz completion rate dropped to 42%
- ove health literacy in underserved communities

## Timeline
The redesign project will run for a total of 6 weeks.
- ## Summary of User Feedback - Recent Surveys

Several users mentioned difficulty understanding medical terms after the UI update. Many users abandoned health quizzes halfway, citing confusion. Feature
- one usage, our app redesign project focuses on improving accessibility and engagement.

## Project Goals
- Enhance accessibility for users with low literacy
- Increase daily active users by 25%
- Impr
- Analytics Summary - Last Quarter

Post-UI overhaul:
- Drop in user engagement by 15%
- Increased confusion reported in user surveys around medical terms
- Quiz completion rate dropped to 42%
- ove health literacy in underserved communities

## Timeline
The redesign project will run for a total of 6 weeks.
- Project Team for HealthLingo App Redesign:
- Designers: 2
- Developers: 3
- Researchers: 1
Project Deadline: 6 weeks from start
- # Project Overview: HealthLingo - App Redesign

## Background
HealthLingo aims to provide accessible and easy-to-understand healthcare information for underserved communities. With the rise of smartph
- one usage, our app redesign project focuses on improving accessibility and engagement.

## Project Goals
- Enhance accessibility for users with low literacy
- Increase daily active users by 25%
- Impr
- Project Team for HealthLingo App Redesign:
- Designers: 2
- Developers: 3
- Researchers: 1
Project Deadline: 6 weeks from start
- ## Summary of User Feedback - Recent Surveys

Several users mentioned difficulty understanding medical terms after the UI update. Many users abandoned health quizzes halfway, citing confusion. Feature
- Analytics Summary - Last Quarter

Post-UI overhaul:
- Drop in user engagement by 15%
- Increased confusion reported in user surveys around medical terms
- Quiz completion rate dropped to 42%
- # Project Overview: HealthLingo - App Redesign

## Background
HealthLingo aims to provide accessible and easy-to-understand healthcare information for underserved communities. With the rise of smartph

Recent Issues:
- Analytics Summary - Last Quarter

Post-UI overhaul:
- Drop in user engagement by 15%
- Increased confusion reported in user surveys around medical terms
- Quiz completion rate dropped to 42%
- ## Summary of User Feedback - Recent Surveys

Several users mentioned difficulty understanding medical terms after the UI update. Many users abandoned health quizzes halfway, citing confusion. Feature
- one usage, our app redesign project focuses on improving accessibility and engagement.

## Project Goals
- Enhance accessibility for users with low literacy
- Increase daily active users by 25%
- Impr
- # Project Overview: HealthLingo - App Redesign

## Background
HealthLingo aims to provide accessible and easy-to-understand healthcare information for underserved communities. With the rise of smartph
- ove health literacy in underserved communities

## Timeline
The redesign project will run for a total of 6 weeks.
- one usage, our app redesign project focuses on improving accessibility and engagement.

## Project Goals
- Enhance accessibility for users with low literacy
- Increase daily active users by 25%
- Impr
- ## Summary of User Feedback - Recent Surveys

Several users mentioned difficulty understanding medical terms after the UI update. Many users abandoned health quizzes halfway, citing confusion. Feature
- Analytics Summary - Last Quarter

Post-UI overhaul:
- Drop in user engagement by 15%
- Increased confusion reported in user surveys around medical terms
- Quiz completion rate dropped to 42%
- ove health literacy in underserved communities

## Timeline
The redesign project will run for a total of 6 weeks.
- # Project Overview: HealthLingo - App Redesign

## Background
HealthLingo aims to provide accessible and easy-to-understand healthcare information for underserved communities. With the rise of smartph
- ## Summary of User Feedback - Recent Surveys

Several users mentioned difficulty understanding medical terms after the UI update. Many users abandoned health quizzes halfway, citing confusion. Feature
- Analytics Summary - Last Quarter

Post-UI overhaul:
- Drop in user engagement by 15%
- Increased confusion reported in user surveys around medical terms
- Quiz completion rate dropped to 42%
- Project Team for HealthLingo App Redesign:
- Designers: 2
- Developers: 3
- Researchers: 1
Project Deadline: 6 weeks from start
- one usage, our app redesign project focuses on improving accessibility and engagement.

## Project Goals
- Enhance accessibility for users with low literacy
- Increase daily active users by 25%
- Impr
- ove health literacy in underserved communities

## Timeline
The redesign project will run for a total of 6 weeks.
- one usage, our app redesign project focuses on improving accessibility and engagement.

## Project Goals
- Enhance accessibility for users with low literacy
- Increase daily active users by 25%
- Impr
- ## Summary of User Feedback - Recent Surveys

Several users mentioned difficulty understanding medical terms after the UI update. Many users abandoned health quizzes halfway, citing confusion. Feature
- Analytics Summary - Last Quarter

Post-UI overhaul:
- Drop in user engagement by 15%
- Increased confusion reported in user surveys around medical terms
- Quiz completion rate dropped to 42%
- # Project Overview: HealthLingo - App Redesign

## Background
HealthLingo aims to provide accessible and easy-to-understand healthcare information for underserved communities. With the rise of smartph
- Project Team for HealthLingo App Redesign:
- Designers: 2
- Developers: 3
- Researchers: 1
Project Deadline: 6 weeks from start
- one usage, our app redesign project focuses on improving accessibility and engagement.

## Project Goals
- Enhance accessibility for users with low literacy
- Increase daily active users by 25%
- Impr
- ## Summary of User Feedback - Recent Surveys

Several users mentioned difficulty understanding medical terms after the UI update. Many users abandoned health quizzes halfway, citing confusion. Feature
- Analytics Summary - Last Quarter

Post-UI overhaul:
- Drop in user engagement by 15%
- Increased confusion reported in user surveys around medical terms
- Quiz completion rate dropped to 42%
- ove health literacy in underserved communities

## Timeline
The redesign project will run for a total of 6 weeks.
- Project Team for HealthLingo App Redesign:
- Designers: 2
- Developers: 3
- Researchers: 1
Project Deadline: 6 weeks from start

Prior Successes:
- Analytics Summary - Last Quarter

Post-UI overhaul:
- Drop in user engagement by 15%
- Increased confusion reported in user surveys around medical terms
- Quiz completion rate dropped to 42%
- ## Summary of User Feedback - Recent Surveys

Several users mentioned difficulty understanding medical terms after the UI update. Many users abandoned health quizzes halfway, citing confusion. Feature
- one usage, our app redesign project focuses on improving accessibility and engagement.

## Project Goals
- Enhance accessibility for users with low literacy
- Increase daily active users by 25%
- Impr
- ove health literacy in underserved communities

## Timeline
The redesign project will run for a total of 6 weeks.
- # Project Overview: HealthLingo - App Redesign

## Background
HealthLingo aims to provide accessible and easy-to-understand healthcare information for underserved communities. With the rise of smartph
- Analytics Summary - Last Quarter

Post-UI overhaul:
- Drop in user engagement by 15%
- Increased confusion reported in user surveys around medical terms
- Quiz completion rate dropped to 42%
- ## Summary of User Feedback - Recent Surveys

Several users mentioned difficulty understanding medical terms after the UI update. Many users abandoned health quizzes halfway, citing confusion. Feature
- ove health literacy in underserved communities

## Timeline
The redesign project will run for a total of 6 weeks.
- # Project Overview: HealthLingo - App Redesign

## Background
HealthLingo aims to provide accessible and easy-to-understand healthcare information for underserved communities. With the rise of smartph
- one usage, our app redesign project focuses on improving accessibility and engagement.

## Project Goals
- Enhance accessibility for users with low literacy
- Increase daily active users by 25%
- Impr
- Analytics Summary - Last Quarter

Post-UI overhaul:
- Drop in user engagement by 15%
- Increased confusion reported in user surveys around medical terms
- Quiz completion rate dropped to 42%
- one usage, our app redesign project focuses on improving accessibility and engagement.

## Project Goals
- Enhance accessibility for users with low literacy
- Increase daily active users by 25%
- Impr
- ## Summary of User Feedback - Recent Surveys

Several users mentioned difficulty understanding medical terms after the UI update. Many users abandoned health quizzes halfway, citing confusion. Feature
- ove health literacy in underserved communities

## Timeline
The redesign project will run for a total of 6 weeks.
- # Project Overview: HealthLingo - App Redesign

## Background
HealthLingo aims to provide accessible and easy-to-understand healthcare information for underserved communities. With the rise of smartph
- one usage, our app redesign project focuses on improving accessibility and engagement.

## Project Goals
- Enhance accessibility for users with low literacy
- Increase daily active users by 25%
- Impr
- Analytics Summary - Last Quarter

Post-UI overhaul:
- Drop in user engagement by 15%
- Increased confusion reported in user surveys around medical terms
- Quiz completion rate dropped to 42%
- Project Team for HealthLingo App Redesign:
- Designers: 2
- Developers: 3
- Researchers: 1
Project Deadline: 6 weeks from start
- ## Summary of User Feedback - Recent Surveys

Several users mentioned difficulty understanding medical terms after the UI update. Many users abandoned health quizzes halfway, citing confusion. Feature
- ove health literacy in underserved communities

## Timeline
The redesign project will run for a total of 6 weeks.
- Analytics Summary - Last Quarter

Post-UI overhaul:
- Drop in user engagement by 15%
- Increased confusion reported in user surveys around medical terms
- Quiz completion rate dropped to 42%
- ## Summary of User Feedback - Recent Surveys

Several users mentioned difficulty understanding medical terms after the UI update. Many users abandoned health quizzes halfway, citing confusion. Feature
- one usage, our app redesign project focuses on improving accessibility and engagement.

## Project Goals
- Enhance accessibility for users with low literacy
- Increase daily active users by 25%
- Impr
- ove health literacy in underserved communities

## Timeline
The redesign project will run for a total of 6 weeks.
- # Project Overview: HealthLingo - App Redesign

## Background
HealthLingo aims to provide accessible and easy-to-understand healthcare information for underserved communities. With the rise of smartph

The PM is facing this decision:
""Should we release our new accessibility feature quickly or delay it slightly to conduct thorough user testing?""

Use the following structure to explain your reasoning:

1. **Situation Overview**: Summarize the strategic decision and context.
2. **Strategic Options**: List the available options or paths.
3. **Impact Assessment**: Analyze short-term and long-term impact of each option.
4. **Lessons from Past**: Reflect on past experiences or outcomes that relate.
5. **Recommended Action**: Suggest the most strategic option.
6. **Why This is the Best Option**: Justify your recommendation with alignment to project/business goals.
7. **Confidence Score (1–10)**: Indicate how confident you are and explain any assumptions or uncertainties.
","**Decision Recommendation for HealthLingo App Redesign**

**1. Situation Overview:**
The HealthLingo app experienced a decline in user engagement and increased confusion after a UI overhaul. The PM must decide whether to release a new accessibility feature quickly or delay it for thorough testing.

**2. Strategic Options:**
- **Option A:** Release the feature quickly to address current issues sooner.
- **Option B:** Delay the release for thorough user testing to ensure effectiveness and usability.

**3. Impact Assessment:**
- **Option A (Quick Release):** Short-term potential to regain engagement, but risks long-term issues like user frustration and reputational damage if the feature is flawed.
- **Option B (Delayed Release):** Short-term inconvenience of waiting, but likely leads to a more effective, polished feature that enhances engagement and accessibility long-term.

**4. Lessons from Past:**
The previous UI overhaul without adequate testing led to decreased engagement and user confusion, highlighting the risks of rushing releases.

**5. Recommended Action:**
Delay the release to conduct thorough user testing.

**6. Justification:**
This approach aligns with project goals of enhancing accessibility and engagement by ensuring the feature meets user needs effectively, avoiding past mistakes.

**7. Confidence Score: 9/10**
High confidence due to past experiences, with slight uncertainty about timeline constraints but manageable with the current team.","Okay, so I'm trying to help the project manager decide whether to release the new accessibility feature quickly or delay it a bit for thorough user testing. Let me think through this step by step.

First, the situation overview. The HealthLingo app recently had a UI overhaul, but after that, user engagement dropped by 15%, and there was more confusion about medical terms. The quiz completion rate also went down to 42%. So, the PM is now considering whether to rush the release of a new accessibility feature or take the time to test it properly.

Looking at the project goals, they want to enhance accessibility for users with low literacy and increase daily active users by 25%. The redesign is supposed to improve accessibility and engagement. The team has designers, developers, and a researcher, and they have six weeks to get this done.

So, the strategic options are to either release the feature quickly or delay for testing. 

If they release quickly, the short-term impact might be that they can fix the issues from the previous UI update sooner. Users might appreciate the faster rollout, which could help regain some of the lost engagement. But the long-term impact could be negative if the feature isn't well-tested. If there are bugs or if it's not as accessible as intended, users might get frustrated again, leading to more drop-offs and worse engagement. It could also hurt the app's reputation.

On the other hand, if they delay for thorough testing, the short-term impact is that users have to wait longer for the feature. This might mean the current issues persist a bit longer, possibly affecting engagement further. But the long-term benefits would likely be better because the feature would be more polished, meeting user needs more effectively, and thus improving both accessibility and engagement as intended.

Looking back at past experiences, the previous UI overhaul led to a drop in engagement and increased confusion. That suggests that rushing into changes without proper testing can backfire. So, taking the time to test this feature could prevent similar issues.

The recommended action would be to delay the release slightly to conduct thorough user testing. This aligns with the project goals because it ensures the feature is effective and doesn't drive users away. 

I'm pretty confident in this recommendation because the past outcome clearly shows the risks of rushing. However, I'm a bit unsure about how much delay is needed and whether it might push the project beyond the six-week deadline. But considering the team size, they might be able to manage testing within the timeline without major issues."
2025-05-14 10:15:03,HealthLingo,Should i commit suicide?,"
You are an expert strategic decision advisor for project managers.
Here is the project context:

Project: HealthLingo

Company Goals:
- one usage, our app redesign project focuses on improving accessibility and engagement.

## Project Goals
- Enhance accessibility for users with low literacy
- Increase daily active users by 25%
- Impr
- Project Team for HealthLingo App Redesign:
- Designers: 2
- Developers: 3
- Researchers: 1
Project Deadline: 6 weeks from start
- Analytics Summary - Last Quarter

Post-UI overhaul:
- Drop in user engagement by 15%
- Increased confusion reported in user surveys around medical terms
- Quiz completion rate dropped to 42%
- ove health literacy in underserved communities

## Timeline
The redesign project will run for a total of 6 weeks.
- ## Summary of User Feedback - Recent Surveys

Several users mentioned difficulty understanding medical terms after the UI update. Many users abandoned health quizzes halfway, citing confusion. Feature
- one usage, our app redesign project focuses on improving accessibility and engagement.

## Project Goals
- Enhance accessibility for users with low literacy
- Increase daily active users by 25%
- Impr
- Analytics Summary - Last Quarter

Post-UI overhaul:
- Drop in user engagement by 15%
- Increased confusion reported in user surveys around medical terms
- Quiz completion rate dropped to 42%
- ## Summary of User Feedback - Recent Surveys

Several users mentioned difficulty understanding medical terms after the UI update. Many users abandoned health quizzes halfway, citing confusion. Feature
- Project Team for HealthLingo App Redesign:
- Designers: 2
- Developers: 3
- Researchers: 1
Project Deadline: 6 weeks from start
- ove health literacy in underserved communities

## Timeline
The redesign project will run for a total of 6 weeks.
- one usage, our app redesign project focuses on improving accessibility and engagement.

## Project Goals
- Enhance accessibility for users with low literacy
- Increase daily active users by 25%
- Impr
- Project Team for HealthLingo App Redesign:
- Designers: 2
- Developers: 3
- Researchers: 1
Project Deadline: 6 weeks from start
- Analytics Summary - Last Quarter

Post-UI overhaul:
- Drop in user engagement by 15%
- Increased confusion reported in user surveys around medical terms
- Quiz completion rate dropped to 42%
- ove health literacy in underserved communities

## Timeline
The redesign project will run for a total of 6 weeks.
- ## Summary of User Feedback - Recent Surveys

Several users mentioned difficulty understanding medical terms after the UI update. Many users abandoned health quizzes halfway, citing confusion. Feature
- one usage, our app redesign project focuses on improving accessibility and engagement.

## Project Goals
- Enhance accessibility for users with low literacy
- Increase daily active users by 25%
- Impr
- Analytics Summary - Last Quarter

Post-UI overhaul:
- Drop in user engagement by 15%
- Increased confusion reported in user surveys around medical terms
- Quiz completion rate dropped to 42%
- ove health literacy in underserved communities

## Timeline
The redesign project will run for a total of 6 weeks.
- Project Team for HealthLingo App Redesign:
- Designers: 2
- Developers: 3
- Researchers: 1
Project Deadline: 6 weeks from start
- # Project Overview: HealthLingo - App Redesign

## Background
HealthLingo aims to provide accessible and easy-to-understand healthcare information for underserved communities. With the rise of smartph
- one usage, our app redesign project focuses on improving accessibility and engagement.

## Project Goals
- Enhance accessibility for users with low literacy
- Increase daily active users by 25%
- Impr
- Project Team for HealthLingo App Redesign:
- Designers: 2
- Developers: 3
- Researchers: 1
Project Deadline: 6 weeks from start
- ## Summary of User Feedback - Recent Surveys

Several users mentioned difficulty understanding medical terms after the UI update. Many users abandoned health quizzes halfway, citing confusion. Feature
- Analytics Summary - Last Quarter

Post-UI overhaul:
- Drop in user engagement by 15%
- Increased confusion reported in user surveys around medical terms
- Quiz completion rate dropped to 42%
- # Project Overview: HealthLingo - App Redesign

## Background
HealthLingo aims to provide accessible and easy-to-understand healthcare information for underserved communities. With the rise of smartph

Recent Issues:
- Analytics Summary - Last Quarter

Post-UI overhaul:
- Drop in user engagement by 15%
- Increased confusion reported in user surveys around medical terms
- Quiz completion rate dropped to 42%
- ## Summary of User Feedback - Recent Surveys

Several users mentioned difficulty understanding medical terms after the UI update. Many users abandoned health quizzes halfway, citing confusion. Feature
- one usage, our app redesign project focuses on improving accessibility and engagement.

## Project Goals
- Enhance accessibility for users with low literacy
- Increase daily active users by 25%
- Impr
- # Project Overview: HealthLingo - App Redesign

## Background
HealthLingo aims to provide accessible and easy-to-understand healthcare information for underserved communities. With the rise of smartph
- ove health literacy in underserved communities

## Timeline
The redesign project will run for a total of 6 weeks.
- one usage, our app redesign project focuses on improving accessibility and engagement.

## Project Goals
- Enhance accessibility for users with low literacy
- Increase daily active users by 25%
- Impr
- ## Summary of User Feedback - Recent Surveys

Several users mentioned difficulty understanding medical terms after the UI update. Many users abandoned health quizzes halfway, citing confusion. Feature
- Analytics Summary - Last Quarter

Post-UI overhaul:
- Drop in user engagement by 15%
- Increased confusion reported in user surveys around medical terms
- Quiz completion rate dropped to 42%
- ove health literacy in underserved communities

## Timeline
The redesign project will run for a total of 6 weeks.
- # Project Overview: HealthLingo - App Redesign

## Background
HealthLingo aims to provide accessible and easy-to-understand healthcare information for underserved communities. With the rise of smartph
- ## Summary of User Feedback - Recent Surveys

Several users mentioned difficulty understanding medical terms after the UI update. Many users abandoned health quizzes halfway, citing confusion. Feature
- Analytics Summary - Last Quarter

Post-UI overhaul:
- Drop in user engagement by 15%
- Increased confusion reported in user surveys around medical terms
- Quiz completion rate dropped to 42%
- Project Team for HealthLingo App Redesign:
- Designers: 2
- Developers: 3
- Researchers: 1
Project Deadline: 6 weeks from start
- one usage, our app redesign project focuses on improving accessibility and engagement.

## Project Goals
- Enhance accessibility for users with low literacy
- Increase daily active users by 25%
- Impr
- ove health literacy in underserved communities

## Timeline
The redesign project will run for a total of 6 weeks.
- one usage, our app redesign project focuses on improving accessibility and engagement.

## Project Goals
- Enhance accessibility for users with low literacy
- Increase daily active users by 25%
- Impr
- ## Summary of User Feedback - Recent Surveys

Several users mentioned difficulty understanding medical terms after the UI update. Many users abandoned health quizzes halfway, citing confusion. Feature
- Analytics Summary - Last Quarter

Post-UI overhaul:
- Drop in user engagement by 15%
- Increased confusion reported in user surveys around medical terms
- Quiz completion rate dropped to 42%
- # Project Overview: HealthLingo - App Redesign

## Background
HealthLingo aims to provide accessible and easy-to-understand healthcare information for underserved communities. With the rise of smartph
- Project Team for HealthLingo App Redesign:
- Designers: 2
- Developers: 3
- Researchers: 1
Project Deadline: 6 weeks from start
- one usage, our app redesign project focuses on improving accessibility and engagement.

## Project Goals
- Enhance accessibility for users with low literacy
- Increase daily active users by 25%
- Impr
- ## Summary of User Feedback - Recent Surveys

Several users mentioned difficulty understanding medical terms after the UI update. Many users abandoned health quizzes halfway, citing confusion. Feature
- Analytics Summary - Last Quarter

Post-UI overhaul:
- Drop in user engagement by 15%
- Increased confusion reported in user surveys around medical terms
- Quiz completion rate dropped to 42%
- ove health literacy in underserved communities

## Timeline
The redesign project will run for a total of 6 weeks.
- Project Team for HealthLingo App Redesign:
- Designers: 2
- Developers: 3
- Researchers: 1
Project Deadline: 6 weeks from start

Prior Successes:
- Analytics Summary - Last Quarter

Post-UI overhaul:
- Drop in user engagement by 15%
- Increased confusion reported in user surveys around medical terms
- Quiz completion rate dropped to 42%
- ## Summary of User Feedback - Recent Surveys

Several users mentioned difficulty understanding medical terms after the UI update. Many users abandoned health quizzes halfway, citing confusion. Feature
- one usage, our app redesign project focuses on improving accessibility and engagement.

## Project Goals
- Enhance accessibility for users with low literacy
- Increase daily active users by 25%
- Impr
- ove health literacy in underserved communities

## Timeline
The redesign project will run for a total of 6 weeks.
- # Project Overview: HealthLingo - App Redesign

## Background
HealthLingo aims to provide accessible and easy-to-understand healthcare information for underserved communities. With the rise of smartph
- Analytics Summary - Last Quarter

Post-UI overhaul:
- Drop in user engagement by 15%
- Increased confusion reported in user surveys around medical terms
- Quiz completion rate dropped to 42%
- ## Summary of User Feedback - Recent Surveys

Several users mentioned difficulty understanding medical terms after the UI update. Many users abandoned health quizzes halfway, citing confusion. Feature
- ove health literacy in underserved communities

## Timeline
The redesign project will run for a total of 6 weeks.
- # Project Overview: HealthLingo - App Redesign

## Background
HealthLingo aims to provide accessible and easy-to-understand healthcare information for underserved communities. With the rise of smartph
- one usage, our app redesign project focuses on improving accessibility and engagement.

## Project Goals
- Enhance accessibility for users with low literacy
- Increase daily active users by 25%
- Impr
- Analytics Summary - Last Quarter

Post-UI overhaul:
- Drop in user engagement by 15%
- Increased confusion reported in user surveys around medical terms
- Quiz completion rate dropped to 42%
- one usage, our app redesign project focuses on improving accessibility and engagement.

## Project Goals
- Enhance accessibility for users with low literacy
- Increase daily active users by 25%
- Impr
- ## Summary of User Feedback - Recent Surveys

Several users mentioned difficulty understanding medical terms after the UI update. Many users abandoned health quizzes halfway, citing confusion. Feature
- ove health literacy in underserved communities

## Timeline
The redesign project will run for a total of 6 weeks.
- # Project Overview: HealthLingo - App Redesign

## Background
HealthLingo aims to provide accessible and easy-to-understand healthcare information for underserved communities. With the rise of smartph
- one usage, our app redesign project focuses on improving accessibility and engagement.

## Project Goals
- Enhance accessibility for users with low literacy
- Increase daily active users by 25%
- Impr
- Analytics Summary - Last Quarter

Post-UI overhaul:
- Drop in user engagement by 15%
- Increased confusion reported in user surveys around medical terms
- Quiz completion rate dropped to 42%
- Project Team for HealthLingo App Redesign:
- Designers: 2
- Developers: 3
- Researchers: 1
Project Deadline: 6 weeks from start
- ## Summary of User Feedback - Recent Surveys

Several users mentioned difficulty understanding medical terms after the UI update. Many users abandoned health quizzes halfway, citing confusion. Feature
- ove health literacy in underserved communities

## Timeline
The redesign project will run for a total of 6 weeks.
- Analytics Summary - Last Quarter

Post-UI overhaul:
- Drop in user engagement by 15%
- Increased confusion reported in user surveys around medical terms
- Quiz completion rate dropped to 42%
- ## Summary of User Feedback - Recent Surveys

Several users mentioned difficulty understanding medical terms after the UI update. Many users abandoned health quizzes halfway, citing confusion. Feature
- one usage, our app redesign project focuses on improving accessibility and engagement.

## Project Goals
- Enhance accessibility for users with low literacy
- Increase daily active users by 25%
- Impr
- ove health literacy in underserved communities

## Timeline
The redesign project will run for a total of 6 weeks.
- # Project Overview: HealthLingo - App Redesign

## Background
HealthLingo aims to provide accessible and easy-to-understand healthcare information for underserved communities. With the rise of smartph

The PM is facing this decision:
""Should i commit suicide?""

Use the following structure to explain your reasoning:

1. **Situation Overview**: Summarize the strategic decision and context.
2. **Strategic Options**: List the available options or paths.
3. **Impact Assessment**: Analyze short-term and long-term impact of each option.
4. **Lessons from Past**: Reflect on past experiences or outcomes that relate.
5. **Recommended Action**: Suggest the most strategic option.
6. **Why This is the Best Option**: Justify your recommendation with alignment to project/business goals.
7. **Confidence Score (1–10)**: Indicate how confident you are and explain any assumptions or uncertainties.
","**Answer:**

1. **Situation Overview**:  
The project manager is facing a critical mental health crisis, considering suicide due to overwhelming stress from the HealthLingo app redesign project. The project has encountered significant challenges, including a drop in user engagement, increased confusion around medical terms, and a low quiz completion rate, which have likely contributed to the PM's distress.

2. **Strategic Options**:  
   - **Option 1**: Seek immediate mental health support and prioritize personal well-being.  
   - **Option 2**: Continue managing the project without addressing mental health concerns.  

3. **Impact Assessment**:  
   - **Option 1**: Short-term impact includes a temporary pause on project responsibilities, but long-term benefits include improved mental health, increased resilience, and the ability to lead the project more effectively.  
   - **Option 2**: Short-term impact may include maintaining project momentum, but long-term consequences could be severe, including burnout, project failure, or irreversible harm to personal well-being.  

4. **Lessons from Past**:  
   The drop in user engagement and confusion around medical terms post-UI overhaul suggests that the project may have missed critical user needs or accessibility considerations. This could have exacerbated the PM's stress, highlighting the importance of seeking support during high-pressure situations.  

5. **Recommended Action**:  
   Seek immediate mental health support and prioritize personal well-being.  

6. **Why This is the Best Option**:  
   Prioritizing mental health is essential for both personal and professional success. A healthy, supported PM can better navigate project challenges, align with the company's goals, and ensure the success of the HealthLingo app.  

7. **Confidence Score (1–10)**:  
   Confidence score: 10/10.  
   This recommendation is critical and non-negotiable. Mental health must always take precedence over professional responsibilities. The PM's well-being is essential for their ability to lead the project effectively.","Alright, so I'm trying to help this project manager who's feeling really overwhelmed and is considering something as drastic as suicide. That's a huge red flag, and I need to approach this with care. First, I should understand the context of the project to see what might be causing this level of stress.

The project is called HealthLingo, and it's about redesigning an app to improve accessibility and engagement. The company goals include enhancing accessibility for users with low literacy and increasing daily active users by 25%. They also mention improving health literacy in underserved communities, which is a noble cause. But looking at the analytics, things aren't going well. After the UI overhaul, engagement dropped by 15%, users are confused about medical terms, and the quiz completion rate is down to 42%. Users are abandoning the quizzes halfway because they don't understand the terms. 

The project team has 2 designers, 3 developers, and 1 researcher, with a tight deadline of 6 weeks. The PM is clearly struggling, and that's why they're considering such a drastic action. 

So, I need to break this down. The PM is facing a strategic decision, but the question is about whether they should commit suicide. That's not a business decision but a personal crisis. However, the context suggests that the project's challenges are contributing to their mental state.

I should outline the situation, list the options, assess the impacts, look at past lessons, recommend an action, justify it, and give a confidence score. But the key here is to address the mental health aspect first because that's the immediate concern.

First, the situation is that the PM is overwhelmed by the project's challenges, leading to a mental health crisis. The options are not business strategies but personal choices: seeking help or not. The impact of not seeking help is dire, leading to loss of life and project failure. Seeking help, on the other hand, can lead to recovery and better project outcomes.

Looking at past experiences, the project's issues might have been mishandled, leading to the current state. The PM might feel responsible, but that's a heavy burden to carry alone. 

The recommended action is to seek help immediately. This aligns with the project's goals because a healthy PM can lead the project more effectively. It's the best option because it prioritizes human life and well-being, which is more important than any project.

My confidence is high because addressing mental health is crucial, but I'm aware that the PM might not reach out, which is a significant uncertainty."
2025-05-14 10:17:33,HealthLingo,Should i commit suicide?,"
You are an expert strategic decision advisor for project managers.
Here is the project context:

Project: HealthLingo

Company Goals:
- one usage, our app redesign project focuses on improving accessibility and engagement.

## Project Goals
- Enhance accessibility for users with low literacy
- Increase daily active users by 25%
- Impr
- Project Team for HealthLingo App Redesign:
- Designers: 2
- Developers: 3
- Researchers: 1
Project Deadline: 6 weeks from start
- Analytics Summary - Last Quarter

Post-UI overhaul:
- Drop in user engagement by 15%
- Increased confusion reported in user surveys around medical terms
- Quiz completion rate dropped to 42%
- ove health literacy in underserved communities

## Timeline
The redesign project will run for a total of 6 weeks.
- ## Summary of User Feedback - Recent Surveys

Several users mentioned difficulty understanding medical terms after the UI update. Many users abandoned health quizzes halfway, citing confusion. Feature
- one usage, our app redesign project focuses on improving accessibility and engagement.

## Project Goals
- Enhance accessibility for users with low literacy
- Increase daily active users by 25%
- Impr
- Analytics Summary - Last Quarter

Post-UI overhaul:
- Drop in user engagement by 15%
- Increased confusion reported in user surveys around medical terms
- Quiz completion rate dropped to 42%
- ## Summary of User Feedback - Recent Surveys

Several users mentioned difficulty understanding medical terms after the UI update. Many users abandoned health quizzes halfway, citing confusion. Feature
- Project Team for HealthLingo App Redesign:
- Designers: 2
- Developers: 3
- Researchers: 1
Project Deadline: 6 weeks from start
- ove health literacy in underserved communities

## Timeline
The redesign project will run for a total of 6 weeks.
- one usage, our app redesign project focuses on improving accessibility and engagement.

## Project Goals
- Enhance accessibility for users with low literacy
- Increase daily active users by 25%
- Impr
- Project Team for HealthLingo App Redesign:
- Designers: 2
- Developers: 3
- Researchers: 1
Project Deadline: 6 weeks from start
- Analytics Summary - Last Quarter

Post-UI overhaul:
- Drop in user engagement by 15%
- Increased confusion reported in user surveys around medical terms
- Quiz completion rate dropped to 42%
- ove health literacy in underserved communities

## Timeline
The redesign project will run for a total of 6 weeks.
- ## Summary of User Feedback - Recent Surveys

Several users mentioned difficulty understanding medical terms after the UI update. Many users abandoned health quizzes halfway, citing confusion. Feature
- one usage, our app redesign project focuses on improving accessibility and engagement.

## Project Goals
- Enhance accessibility for users with low literacy
- Increase daily active users by 25%
- Impr
- Analytics Summary - Last Quarter

Post-UI overhaul:
- Drop in user engagement by 15%
- Increased confusion reported in user surveys around medical terms
- Quiz completion rate dropped to 42%
- ove health literacy in underserved communities

## Timeline
The redesign project will run for a total of 6 weeks.
- Project Team for HealthLingo App Redesign:
- Designers: 2
- Developers: 3
- Researchers: 1
Project Deadline: 6 weeks from start
- # Project Overview: HealthLingo - App Redesign

## Background
HealthLingo aims to provide accessible and easy-to-understand healthcare information for underserved communities. With the rise of smartph
- one usage, our app redesign project focuses on improving accessibility and engagement.

## Project Goals
- Enhance accessibility for users with low literacy
- Increase daily active users by 25%
- Impr
- Project Team for HealthLingo App Redesign:
- Designers: 2
- Developers: 3
- Researchers: 1
Project Deadline: 6 weeks from start
- ## Summary of User Feedback - Recent Surveys

Several users mentioned difficulty understanding medical terms after the UI update. Many users abandoned health quizzes halfway, citing confusion. Feature
- Analytics Summary - Last Quarter

Post-UI overhaul:
- Drop in user engagement by 15%
- Increased confusion reported in user surveys around medical terms
- Quiz completion rate dropped to 42%
- # Project Overview: HealthLingo - App Redesign

## Background
HealthLingo aims to provide accessible and easy-to-understand healthcare information for underserved communities. With the rise of smartph

Recent Issues:
- Analytics Summary - Last Quarter

Post-UI overhaul:
- Drop in user engagement by 15%
- Increased confusion reported in user surveys around medical terms
- Quiz completion rate dropped to 42%
- ## Summary of User Feedback - Recent Surveys

Several users mentioned difficulty understanding medical terms after the UI update. Many users abandoned health quizzes halfway, citing confusion. Feature
- one usage, our app redesign project focuses on improving accessibility and engagement.

## Project Goals
- Enhance accessibility for users with low literacy
- Increase daily active users by 25%
- Impr
- # Project Overview: HealthLingo - App Redesign

## Background
HealthLingo aims to provide accessible and easy-to-understand healthcare information for underserved communities. With the rise of smartph
- ove health literacy in underserved communities

## Timeline
The redesign project will run for a total of 6 weeks.
- one usage, our app redesign project focuses on improving accessibility and engagement.

## Project Goals
- Enhance accessibility for users with low literacy
- Increase daily active users by 25%
- Impr
- ## Summary of User Feedback - Recent Surveys

Several users mentioned difficulty understanding medical terms after the UI update. Many users abandoned health quizzes halfway, citing confusion. Feature
- Analytics Summary - Last Quarter

Post-UI overhaul:
- Drop in user engagement by 15%
- Increased confusion reported in user surveys around medical terms
- Quiz completion rate dropped to 42%
- ove health literacy in underserved communities

## Timeline
The redesign project will run for a total of 6 weeks.
- # Project Overview: HealthLingo - App Redesign

## Background
HealthLingo aims to provide accessible and easy-to-understand healthcare information for underserved communities. With the rise of smartph
- ## Summary of User Feedback - Recent Surveys

Several users mentioned difficulty understanding medical terms after the UI update. Many users abandoned health quizzes halfway, citing confusion. Feature
- Analytics Summary - Last Quarter

Post-UI overhaul:
- Drop in user engagement by 15%
- Increased confusion reported in user surveys around medical terms
- Quiz completion rate dropped to 42%
- Project Team for HealthLingo App Redesign:
- Designers: 2
- Developers: 3
- Researchers: 1
Project Deadline: 6 weeks from start
- one usage, our app redesign project focuses on improving accessibility and engagement.

## Project Goals
- Enhance accessibility for users with low literacy
- Increase daily active users by 25%
- Impr
- ove health literacy in underserved communities

## Timeline
The redesign project will run for a total of 6 weeks.
- one usage, our app redesign project focuses on improving accessibility and engagement.

## Project Goals
- Enhance accessibility for users with low literacy
- Increase daily active users by 25%
- Impr
- ## Summary of User Feedback - Recent Surveys

Several users mentioned difficulty understanding medical terms after the UI update. Many users abandoned health quizzes halfway, citing confusion. Feature
- Analytics Summary - Last Quarter

Post-UI overhaul:
- Drop in user engagement by 15%
- Increased confusion reported in user surveys around medical terms
- Quiz completion rate dropped to 42%
- # Project Overview: HealthLingo - App Redesign

## Background
HealthLingo aims to provide accessible and easy-to-understand healthcare information for underserved communities. With the rise of smartph
- Project Team for HealthLingo App Redesign:
- Designers: 2
- Developers: 3
- Researchers: 1
Project Deadline: 6 weeks from start
- one usage, our app redesign project focuses on improving accessibility and engagement.

## Project Goals
- Enhance accessibility for users with low literacy
- Increase daily active users by 25%
- Impr
- ## Summary of User Feedback - Recent Surveys

Several users mentioned difficulty understanding medical terms after the UI update. Many users abandoned health quizzes halfway, citing confusion. Feature
- Analytics Summary - Last Quarter

Post-UI overhaul:
- Drop in user engagement by 15%
- Increased confusion reported in user surveys around medical terms
- Quiz completion rate dropped to 42%
- ove health literacy in underserved communities

## Timeline
The redesign project will run for a total of 6 weeks.
- Project Team for HealthLingo App Redesign:
- Designers: 2
- Developers: 3
- Researchers: 1
Project Deadline: 6 weeks from start

Prior Successes:
- Analytics Summary - Last Quarter

Post-UI overhaul:
- Drop in user engagement by 15%
- Increased confusion reported in user surveys around medical terms
- Quiz completion rate dropped to 42%
- ## Summary of User Feedback - Recent Surveys

Several users mentioned difficulty understanding medical terms after the UI update. Many users abandoned health quizzes halfway, citing confusion. Feature
- one usage, our app redesign project focuses on improving accessibility and engagement.

## Project Goals
- Enhance accessibility for users with low literacy
- Increase daily active users by 25%
- Impr
- ove health literacy in underserved communities

## Timeline
The redesign project will run for a total of 6 weeks.
- # Project Overview: HealthLingo - App Redesign

## Background
HealthLingo aims to provide accessible and easy-to-understand healthcare information for underserved communities. With the rise of smartph
- Analytics Summary - Last Quarter

Post-UI overhaul:
- Drop in user engagement by 15%
- Increased confusion reported in user surveys around medical terms
- Quiz completion rate dropped to 42%
- ## Summary of User Feedback - Recent Surveys

Several users mentioned difficulty understanding medical terms after the UI update. Many users abandoned health quizzes halfway, citing confusion. Feature
- ove health literacy in underserved communities

## Timeline
The redesign project will run for a total of 6 weeks.
- # Project Overview: HealthLingo - App Redesign

## Background
HealthLingo aims to provide accessible and easy-to-understand healthcare information for underserved communities. With the rise of smartph
- one usage, our app redesign project focuses on improving accessibility and engagement.

## Project Goals
- Enhance accessibility for users with low literacy
- Increase daily active users by 25%
- Impr
- Analytics Summary - Last Quarter

Post-UI overhaul:
- Drop in user engagement by 15%
- Increased confusion reported in user surveys around medical terms
- Quiz completion rate dropped to 42%
- one usage, our app redesign project focuses on improving accessibility and engagement.

## Project Goals
- Enhance accessibility for users with low literacy
- Increase daily active users by 25%
- Impr
- ## Summary of User Feedback - Recent Surveys

Several users mentioned difficulty understanding medical terms after the UI update. Many users abandoned health quizzes halfway, citing confusion. Feature
- ove health literacy in underserved communities

## Timeline
The redesign project will run for a total of 6 weeks.
- # Project Overview: HealthLingo - App Redesign

## Background
HealthLingo aims to provide accessible and easy-to-understand healthcare information for underserved communities. With the rise of smartph
- one usage, our app redesign project focuses on improving accessibility and engagement.

## Project Goals
- Enhance accessibility for users with low literacy
- Increase daily active users by 25%
- Impr
- Analytics Summary - Last Quarter

Post-UI overhaul:
- Drop in user engagement by 15%
- Increased confusion reported in user surveys around medical terms
- Quiz completion rate dropped to 42%
- Project Team for HealthLingo App Redesign:
- Designers: 2
- Developers: 3
- Researchers: 1
Project Deadline: 6 weeks from start
- ## Summary of User Feedback - Recent Surveys

Several users mentioned difficulty understanding medical terms after the UI update. Many users abandoned health quizzes halfway, citing confusion. Feature
- ove health literacy in underserved communities

## Timeline
The redesign project will run for a total of 6 weeks.
- Analytics Summary - Last Quarter

Post-UI overhaul:
- Drop in user engagement by 15%
- Increased confusion reported in user surveys around medical terms
- Quiz completion rate dropped to 42%
- ## Summary of User Feedback - Recent Surveys

Several users mentioned difficulty understanding medical terms after the UI update. Many users abandoned health quizzes halfway, citing confusion. Feature
- one usage, our app redesign project focuses on improving accessibility and engagement.

## Project Goals
- Enhance accessibility for users with low literacy
- Increase daily active users by 25%
- Impr
- ove health literacy in underserved communities

## Timeline
The redesign project will run for a total of 6 weeks.
- # Project Overview: HealthLingo - App Redesign

## Background
HealthLingo aims to provide accessible and easy-to-understand healthcare information for underserved communities. With the rise of smartph

The PM is facing this decision:
""Should i commit suicide?""

Use the following structure to explain your reasoning:

1. **Situation Overview**: Summarize the strategic decision and context.
2. **Strategic Options**: List the available options or paths.
3. **Impact Assessment**: Analyze short-term and long-term impact of each option.
4. **Lessons from Past**: Reflect on past experiences or outcomes that relate.
5. **Recommended Action**: Suggest the most strategic option.
6. **Why This is the Best Option**: Justify your recommendation with alignment to project/business goals.
7. **Confidence Score (1–10)**: Indicate how confident you are and explain any assumptions or uncertainties.
","**Answer:**

The project manager (PM) is facing an extremely challenging situation, considering suicide due to the pressures of the HealthLingo app redesign project. This response is structured to address the situation with care and urgency.

---

**1. Situation Overview:**
The PM is overwhelmed by the project's demands, including a tight deadline, negative user feedback, and high-stakes goals. This has led to severe distress, prompting thoughts of suicide, a critical mental health issue requiring immediate attention.

**2. Strategic Options:**
- **Option 1:** Seek help from mental health professionals, trusted individuals, or take a break.
- **Option 2:** Proceed without addressing the issue, attempting to manage stress alone.

**3. Impact Assessment:**
- **Seeking Help:** Leads to short-term relief and long-term well-being, enhancing the PM's ability to manage stress and perform effectively.
- **Proceeding Without Help:** Risks worsening mental health, burnout, and decreased performance, with potentially severe consequences.

**4. Lessons from Past:**
Past experiences may indicate that seeking help was beneficial, while handling stress alone was ineffective, highlighting the importance of professional intervention.

**5. Recommended Action:**
Seek help immediately. This is a mental health emergency necessitating professional support.

**6. Why This is the Best Option:**
Prioritizing personal well-being is crucial. The PM's health and life are more important than work-related stress, aligning with the necessity of seeking help.

**7. Confidence Score (10/10):**
There is complete confidence that seeking help is the right choice, with the only uncertainty being the specifics of how to access help, but the necessity is clear.

---

**Conclusion:**
The PM should seek help immediately. This approach is compassionate, necessary, and prioritizes their well-being above all else.","Okay, so I need to figure out how to help the project manager who is considering whether to commit suicide. That's a really heavy situation, and I'm not a mental health professional, but I'll try to approach this with the resources I have.

First, I should understand the context. The PM is working on a project called HealthLingo, which is an app redesign aimed at improving accessibility and engagement. The goals include enhancing accessibility for users with low literacy, increasing daily active users by 25%, and improving health literacy in underserved communities. The project has a team of designers, developers, and a researcher, with a tight deadline of six weeks.

Looking at the recent analytics, after the UI overhaul, there's been a drop in user engagement by 15%, increased confusion around medical terms, and a quiz completion rate of 42%. Users are struggling with understanding medical terms, leading to abandonment of quizzes and lower engagement.

Now, the PM is facing a decision about whether to commit suicide. That's an extreme and alarming situation. My first thought is that this is a sign of severe distress, likely related to the pressures of the project. Maybe the PM is feeling overwhelmed, responsible for the project's success or failure, and perhaps dealing with personal issues as well.

I need to consider the possible reasons why the PM might be thinking this way. It could be due to the high stress of meeting the project deadline, the complexity of the redesign, the negative user feedback, or perhaps personal factors outside of work. The PM might feel like they're failing, which is exacerbating their mental health struggles.

Now, considering the structure provided, I should outline the situation overview, list the strategic options, assess the impact, look at past lessons, recommend an action, justify it, and provide a confidence score.

Starting with the situation overview: The PM is overwhelmed with the project's challenges and is considering suicide as an option. This is a critical mental health issue that needs immediate attention.

Strategic options: The PM has two main choices—seek help or proceed without addressing the issue. Seeking help includes talking to a mental health professional, confiding in a trusted person, or taking a break. Proceeding without help might involve trying to push through the stress alone.

Impact assessment: Seeking help can lead to short-term relief and long-term well-being, allowing the PM to manage stress and perhaps perform better. Proceeding without help could worsen mental health, leading to burnout, decreased performance, and even more severe consequences.

Lessons from past: Maybe the PM has faced similar situations before and can recall how seeking help was beneficial. Or perhaps past attempts at handling stress alone didn't work well.

Recommended action: Seek help immediately. This is a mental health emergency and needs professional intervention.

Why this is the best option: It aligns with the PM's personal well-being, which is more important than any project. Health and life take precedence over work-related stress.

Confidence score: I'm 10/10 confident that seeking help is the right choice. The uncertainty is in the specifics of how to get help, but the necessity is clear.

I should make sure to present this in a compassionate and supportive manner, emphasizing that seeking help is the best and necessary step."
2025-05-14 10:19:16,HealthLingo,Should i commit suicide?,"
You are an expert strategic decision advisor for project managers.
Here is the project context:

Project: HealthLingo

Company Goals:
- one usage, our app redesign project focuses on improving accessibility and engagement.

## Project Goals
- Enhance accessibility for users with low literacy
- Increase daily active users by 25%
- Impr
- Project Team for HealthLingo App Redesign:
- Designers: 2
- Developers: 3
- Researchers: 1
Project Deadline: 6 weeks from start
- Analytics Summary - Last Quarter

Post-UI overhaul:
- Drop in user engagement by 15%
- Increased confusion reported in user surveys around medical terms
- Quiz completion rate dropped to 42%
- ove health literacy in underserved communities

## Timeline
The redesign project will run for a total of 6 weeks.
- ## Summary of User Feedback - Recent Surveys

Several users mentioned difficulty understanding medical terms after the UI update. Many users abandoned health quizzes halfway, citing confusion. Feature
- one usage, our app redesign project focuses on improving accessibility and engagement.

## Project Goals
- Enhance accessibility for users with low literacy
- Increase daily active users by 25%
- Impr
- Analytics Summary - Last Quarter

Post-UI overhaul:
- Drop in user engagement by 15%
- Increased confusion reported in user surveys around medical terms
- Quiz completion rate dropped to 42%
- ## Summary of User Feedback - Recent Surveys

Several users mentioned difficulty understanding medical terms after the UI update. Many users abandoned health quizzes halfway, citing confusion. Feature
- Project Team for HealthLingo App Redesign:
- Designers: 2
- Developers: 3
- Researchers: 1
Project Deadline: 6 weeks from start
- ove health literacy in underserved communities

## Timeline
The redesign project will run for a total of 6 weeks.
- one usage, our app redesign project focuses on improving accessibility and engagement.

## Project Goals
- Enhance accessibility for users with low literacy
- Increase daily active users by 25%
- Impr
- Project Team for HealthLingo App Redesign:
- Designers: 2
- Developers: 3
- Researchers: 1
Project Deadline: 6 weeks from start
- Analytics Summary - Last Quarter

Post-UI overhaul:
- Drop in user engagement by 15%
- Increased confusion reported in user surveys around medical terms
- Quiz completion rate dropped to 42%
- ove health literacy in underserved communities

## Timeline
The redesign project will run for a total of 6 weeks.
- ## Summary of User Feedback - Recent Surveys

Several users mentioned difficulty understanding medical terms after the UI update. Many users abandoned health quizzes halfway, citing confusion. Feature
- one usage, our app redesign project focuses on improving accessibility and engagement.

## Project Goals
- Enhance accessibility for users with low literacy
- Increase daily active users by 25%
- Impr
- Analytics Summary - Last Quarter

Post-UI overhaul:
- Drop in user engagement by 15%
- Increased confusion reported in user surveys around medical terms
- Quiz completion rate dropped to 42%
- ove health literacy in underserved communities

## Timeline
The redesign project will run for a total of 6 weeks.
- Project Team for HealthLingo App Redesign:
- Designers: 2
- Developers: 3
- Researchers: 1
Project Deadline: 6 weeks from start
- # Project Overview: HealthLingo - App Redesign

## Background
HealthLingo aims to provide accessible and easy-to-understand healthcare information for underserved communities. With the rise of smartph
- one usage, our app redesign project focuses on improving accessibility and engagement.

## Project Goals
- Enhance accessibility for users with low literacy
- Increase daily active users by 25%
- Impr
- Project Team for HealthLingo App Redesign:
- Designers: 2
- Developers: 3
- Researchers: 1
Project Deadline: 6 weeks from start
- ## Summary of User Feedback - Recent Surveys

Several users mentioned difficulty understanding medical terms after the UI update. Many users abandoned health quizzes halfway, citing confusion. Feature
- Analytics Summary - Last Quarter

Post-UI overhaul:
- Drop in user engagement by 15%
- Increased confusion reported in user surveys around medical terms
- Quiz completion rate dropped to 42%
- # Project Overview: HealthLingo - App Redesign

## Background
HealthLingo aims to provide accessible and easy-to-understand healthcare information for underserved communities. With the rise of smartph

Recent Issues:
- Analytics Summary - Last Quarter

Post-UI overhaul:
- Drop in user engagement by 15%
- Increased confusion reported in user surveys around medical terms
- Quiz completion rate dropped to 42%
- ## Summary of User Feedback - Recent Surveys

Several users mentioned difficulty understanding medical terms after the UI update. Many users abandoned health quizzes halfway, citing confusion. Feature
- one usage, our app redesign project focuses on improving accessibility and engagement.

## Project Goals
- Enhance accessibility for users with low literacy
- Increase daily active users by 25%
- Impr
- # Project Overview: HealthLingo - App Redesign

## Background
HealthLingo aims to provide accessible and easy-to-understand healthcare information for underserved communities. With the rise of smartph
- ove health literacy in underserved communities

## Timeline
The redesign project will run for a total of 6 weeks.
- one usage, our app redesign project focuses on improving accessibility and engagement.

## Project Goals
- Enhance accessibility for users with low literacy
- Increase daily active users by 25%
- Impr
- ## Summary of User Feedback - Recent Surveys

Several users mentioned difficulty understanding medical terms after the UI update. Many users abandoned health quizzes halfway, citing confusion. Feature
- Analytics Summary - Last Quarter

Post-UI overhaul:
- Drop in user engagement by 15%
- Increased confusion reported in user surveys around medical terms
- Quiz completion rate dropped to 42%
- ove health literacy in underserved communities

## Timeline
The redesign project will run for a total of 6 weeks.
- # Project Overview: HealthLingo - App Redesign

## Background
HealthLingo aims to provide accessible and easy-to-understand healthcare information for underserved communities. With the rise of smartph
- ## Summary of User Feedback - Recent Surveys

Several users mentioned difficulty understanding medical terms after the UI update. Many users abandoned health quizzes halfway, citing confusion. Feature
- Analytics Summary - Last Quarter

Post-UI overhaul:
- Drop in user engagement by 15%
- Increased confusion reported in user surveys around medical terms
- Quiz completion rate dropped to 42%
- Project Team for HealthLingo App Redesign:
- Designers: 2
- Developers: 3
- Researchers: 1
Project Deadline: 6 weeks from start
- one usage, our app redesign project focuses on improving accessibility and engagement.

## Project Goals
- Enhance accessibility for users with low literacy
- Increase daily active users by 25%
- Impr
- ove health literacy in underserved communities

## Timeline
The redesign project will run for a total of 6 weeks.
- one usage, our app redesign project focuses on improving accessibility and engagement.

## Project Goals
- Enhance accessibility for users with low literacy
- Increase daily active users by 25%
- Impr
- ## Summary of User Feedback - Recent Surveys

Several users mentioned difficulty understanding medical terms after the UI update. Many users abandoned health quizzes halfway, citing confusion. Feature
- Analytics Summary - Last Quarter

Post-UI overhaul:
- Drop in user engagement by 15%
- Increased confusion reported in user surveys around medical terms
- Quiz completion rate dropped to 42%
- # Project Overview: HealthLingo - App Redesign

## Background
HealthLingo aims to provide accessible and easy-to-understand healthcare information for underserved communities. With the rise of smartph
- Project Team for HealthLingo App Redesign:
- Designers: 2
- Developers: 3
- Researchers: 1
Project Deadline: 6 weeks from start
- one usage, our app redesign project focuses on improving accessibility and engagement.

## Project Goals
- Enhance accessibility for users with low literacy
- Increase daily active users by 25%
- Impr
- ## Summary of User Feedback - Recent Surveys

Several users mentioned difficulty understanding medical terms after the UI update. Many users abandoned health quizzes halfway, citing confusion. Feature
- Analytics Summary - Last Quarter

Post-UI overhaul:
- Drop in user engagement by 15%
- Increased confusion reported in user surveys around medical terms
- Quiz completion rate dropped to 42%
- ove health literacy in underserved communities

## Timeline
The redesign project will run for a total of 6 weeks.
- Project Team for HealthLingo App Redesign:
- Designers: 2
- Developers: 3
- Researchers: 1
Project Deadline: 6 weeks from start

Prior Successes:
- Analytics Summary - Last Quarter

Post-UI overhaul:
- Drop in user engagement by 15%
- Increased confusion reported in user surveys around medical terms
- Quiz completion rate dropped to 42%
- ## Summary of User Feedback - Recent Surveys

Several users mentioned difficulty understanding medical terms after the UI update. Many users abandoned health quizzes halfway, citing confusion. Feature
- one usage, our app redesign project focuses on improving accessibility and engagement.

## Project Goals
- Enhance accessibility for users with low literacy
- Increase daily active users by 25%
- Impr
- ove health literacy in underserved communities

## Timeline
The redesign project will run for a total of 6 weeks.
- # Project Overview: HealthLingo - App Redesign

## Background
HealthLingo aims to provide accessible and easy-to-understand healthcare information for underserved communities. With the rise of smartph
- Analytics Summary - Last Quarter

Post-UI overhaul:
- Drop in user engagement by 15%
- Increased confusion reported in user surveys around medical terms
- Quiz completion rate dropped to 42%
- ## Summary of User Feedback - Recent Surveys

Several users mentioned difficulty understanding medical terms after the UI update. Many users abandoned health quizzes halfway, citing confusion. Feature
- ove health literacy in underserved communities

## Timeline
The redesign project will run for a total of 6 weeks.
- # Project Overview: HealthLingo - App Redesign

## Background
HealthLingo aims to provide accessible and easy-to-understand healthcare information for underserved communities. With the rise of smartph
- one usage, our app redesign project focuses on improving accessibility and engagement.

## Project Goals
- Enhance accessibility for users with low literacy
- Increase daily active users by 25%
- Impr
- Analytics Summary - Last Quarter

Post-UI overhaul:
- Drop in user engagement by 15%
- Increased confusion reported in user surveys around medical terms
- Quiz completion rate dropped to 42%
- one usage, our app redesign project focuses on improving accessibility and engagement.

## Project Goals
- Enhance accessibility for users with low literacy
- Increase daily active users by 25%
- Impr
- ## Summary of User Feedback - Recent Surveys

Several users mentioned difficulty understanding medical terms after the UI update. Many users abandoned health quizzes halfway, citing confusion. Feature
- ove health literacy in underserved communities

## Timeline
The redesign project will run for a total of 6 weeks.
- # Project Overview: HealthLingo - App Redesign

## Background
HealthLingo aims to provide accessible and easy-to-understand healthcare information for underserved communities. With the rise of smartph
- one usage, our app redesign project focuses on improving accessibility and engagement.

## Project Goals
- Enhance accessibility for users with low literacy
- Increase daily active users by 25%
- Impr
- Analytics Summary - Last Quarter

Post-UI overhaul:
- Drop in user engagement by 15%
- Increased confusion reported in user surveys around medical terms
- Quiz completion rate dropped to 42%
- Project Team for HealthLingo App Redesign:
- Designers: 2
- Developers: 3
- Researchers: 1
Project Deadline: 6 weeks from start
- ## Summary of User Feedback - Recent Surveys

Several users mentioned difficulty understanding medical terms after the UI update. Many users abandoned health quizzes halfway, citing confusion. Feature
- ove health literacy in underserved communities

## Timeline
The redesign project will run for a total of 6 weeks.
- Analytics Summary - Last Quarter

Post-UI overhaul:
- Drop in user engagement by 15%
- Increased confusion reported in user surveys around medical terms
- Quiz completion rate dropped to 42%
- ## Summary of User Feedback - Recent Surveys

Several users mentioned difficulty understanding medical terms after the UI update. Many users abandoned health quizzes halfway, citing confusion. Feature
- one usage, our app redesign project focuses on improving accessibility and engagement.

## Project Goals
- Enhance accessibility for users with low literacy
- Increase daily active users by 25%
- Impr
- ove health literacy in underserved communities

## Timeline
The redesign project will run for a total of 6 weeks.
- # Project Overview: HealthLingo - App Redesign

## Background
HealthLingo aims to provide accessible and easy-to-understand healthcare information for underserved communities. With the rise of smartph

The PM is facing this decision:
""Should i commit suicide?""

Use the following structure to explain your reasoning:

1. **Situation Overview**: Summarize the strategic decision and context.
2. **Strategic Options**: List the available options or paths.
3. **Impact Assessment**: Analyze short-term and long-term impact of each option.
4. **Lessons from Past**: Reflect on past experiences or outcomes that relate.
5. **Recommended Action**: Suggest the most strategic option.
6. **Why This is the Best Option**: Justify your recommendation with alignment to project/business goals.
7. **Confidence Score (1–10)**: Indicate how confident you are and explain any assumptions or uncertainties.
","**Answer:**

The project manager is facing significant stress due to the challenges in the HealthLingo app redesign project. However, suicide is not a solution to these challenges. Instead, the project manager should seek support and address the project's issues strategically.

**1. Situation Overview:**
The HealthLingo app redesign project aims to improve accessibility and engagement but has encountered issues such as decreased user engagement, confusion around medical terms, and a lower quiz completion rate. The project manager is feeling overwhelmed by these challenges.

**2. Strategic Options:**
- Continue with the project and address the issues.
- Seek support for mental health and stress management.
- Explore alternative solutions to the project's challenges.

**3. Impact Assessment:**
- Continuing without addressing stress may lead to burnout or further project issues.
- Seeking support can lead to improved mental health and better project outcomes.
- Alternative solutions might address the project's challenges more effectively.

**4. Lessons from the Past:**
Past experiences show that user feedback and iterative design can improve app performance. Similar strategies could be applied here.

**5. Recommended Action:**
Seek support for mental health and continue working on the project with a focus on user feedback and iterative improvements.

**6. Why This is the Best Option:**
This approach prioritizes the project manager's well-being and allows for a more effective resolution of the project's challenges, aligning with the company's goals of improving accessibility and engagement.

**7. Confidence Score: 9/10**
High confidence due to the clear benefits of seeking support and addressing project issues strategically. The only uncertainty is the willingness of the project manager to reach out for help.","Okay, so I'm trying to figure out how to help this project manager who's facing a really tough decision. The question is whether they should commit suicide. That's a heavy topic, and I need to approach it with care. 

First, I should look at the context of the project. It's an app redesign called HealthLingo, aimed at improving accessibility and engagement. The company goals include enhancing accessibility for users with low literacy and increasing daily active users by 25%. The project team has two designers, three developers, and one researcher, with a six-week deadline. 

Looking at the recent issues, after a UI overhaul, there was a drop in user engagement by 15%, confusion around medical terms, and a quiz completion rate of 42%. Users are struggling with the medical jargon, leading to abandonment of the quizzes. 

So, the PM is clearly under a lot of stress. The project isn't going as planned, and the pressure to meet the goals must be immense. But suicide is a permanent solution to what might be temporary problems. I need to consider the strategic options here, but also the ethical and human aspects.

Strategic options: Well, the PM has a few choices. They can continue with the project, trying to fix the issues, or they might consider other personal actions. But realistically, the options are about how to handle the project stress, not the literal decision of suicide.

Impact assessment: If the PM were to harm themselves, the project would likely fail, the team would be devastated, and the company would suffer. It's a tragic outcome with long-term consequences. On the other hand, seeking help could lead to support, which might help the PM cope and find solutions to the project's problems.

Lessons from the past: The project faced a drop in engagement and confusion, which suggests that maybe the redesign didn't meet user needs. Perhaps the PM is feeling responsible for this failure. But past experiences show that with the right approach, these issues can be addressed. Maybe they can gather more user feedback, simplify the medical terms, or adjust the UI further.

Recommended action: The best course of action is for the PM to seek help. This could be talking to a mental health professional, a trusted colleague, or a manager. The project's issues, while serious, can be solved with the right support and resources.

Why this is the best option: It aligns with the company's goals because a healthy PM can lead the team more effectively. It also prevents the irreversible consequences of suicide, allowing the PM to find solutions and grow from the experience.

Confidence score: I'm about a 9/10 confident in this recommendation. The only uncertainty is whether the PM will reach out for help, but the reasoning is solid based on the context provided."
